[11May2025 05:43:51.524] [main/INFO] [cpw.mods.modlauncher.Launcher/MODLAUNCHER]: ModLauncher running: args [--launchTarget, forgeserver, --fml.forgeVersion, 47.3.7, --fml.mcVersion, 1.20.1, --fml.forgeGroup, net.minecraftforge, --fml.mcpVersion, 20230612.114412, nogui]
[11May2025 05:43:51.527] [main/INFO] [cpw.mods.modlauncher.Launcher/MODLAUNCHER]: ModLauncher 10.0.9+10.0.9+main.dcd20f30 starting: java version 17.0.15 by Ubuntu; OS Linux arch amd64 version 6.8.0-1027-azure
[11May2025 05:43:53.302] [main/INFO] [net.minecraftforge.fml.loading.ImmediateWindowHandler/]: ImmediateWindowProvider not loading because launch target is forgeserver
[11May2025 05:43:53.372] [main/INFO] [mixin/]: SpongePowered MIXIN Subsystem Version=0.8.5 Source=union:/workspaces/servidor/servidor_minecraft/libraries/org/spongepowered/mixin/0.8.5/mixin-0.8.5.jar%2365!/ Service=ModLauncher Env=SERVER
[11May2025 05:43:53.774] [main/WARN] [net.minecraftforge.fml.loading.moddiscovery.ModFileParser/LOADING]: Mod file /workspaces/servidor/servidor_minecraft/libraries/net/minecraftforge/fmlcore/1.20.1-47.3.7/fmlcore-1.20.1-47.3.7.jar is missing mods.toml file
[11May2025 05:43:53.776] [main/WARN] [net.minecraftforge.fml.loading.moddiscovery.ModFileParser/LOADING]: Mod file /workspaces/servidor/servidor_minecraft/libraries/net/minecraftforge/javafmllanguage/1.20.1-47.3.7/javafmllanguage-1.20.1-47.3.7.jar is missing mods.toml file
[11May2025 05:43:53.777] [main/WARN] [net.minecraftforge.fml.loading.moddiscovery.ModFileParser/LOADING]: Mod file /workspaces/servidor/servidor_minecraft/libraries/net/minecraftforge/lowcodelanguage/1.20.1-47.3.7/lowcodelanguage-1.20.1-47.3.7.jar is missing mods.toml file
[11May2025 05:43:53.778] [main/WARN] [net.minecraftforge.fml.loading.moddiscovery.ModFileParser/LOADING]: Mod file /workspaces/servidor/servidor_minecraft/libraries/net/minecraftforge/mclanguage/1.20.1-47.3.7/mclanguage-1.20.1-47.3.7.jar is missing mods.toml file
[11May2025 05:43:54.135] [main/WARN] [net.minecraftforge.jarjar.selection.JarSelector/]: Attempted to select two dependency jars from JarJar which have the same identification: Mod File:  and Mod File: . Using Mod File: 
[11May2025 05:43:54.137] [main/INFO] [net.minecraftforge.fml.loading.moddiscovery.JarInJarDependencyLocator/]: Found 18 dependencies adding them to mods collection
[11May2025 05:43:57.359] [main/INFO] [mixin/]: Compatibility level set to JAVA_17
[11May2025 05:43:57.533] [main/INFO] [cpw.mods.modlauncher.LaunchServiceHandler/MODLAUNCHER]: Launching target 'forgeserver' with arguments [nogui]
[11May2025 05:43:57.740] [main/INFO] [Embeddium/]: Loaded configuration file for Embeddium: 109 options available, 0 override(s) found
[11May2025 05:43:57.790] [main/WARN] [mixin/]: Reference map 'itemselector.refmap.json' for l2itemselector.mixins.json could not be read. If this is a development environment you can ignore this message
[11May2025 05:43:57.808] [main/WARN] [mixin/]: Reference map 'cristellib-forge-refmap.json' for cristellib.mixins.json could not be read. If this is a development environment you can ignore this message
[11May2025 05:43:59.036] [main/ERROR] [net.minecraftforge.fml.loading.RuntimeDistCleaner/DISTXFORM]: Attempted to load class net/minecraft/client/gui/screens/Screen for invalid dist DEDICATED_SERVER
[11May2025 05:43:59.037] [main/WARN] [mixin/]: Error loading class: net/minecraft/client/gui/screens/Screen (java.lang.RuntimeException: Attempted to load class net/minecraft/client/gui/screens/Screen for invalid dist DEDICATED_SERVER)
[11May2025 05:43:59.037] [main/WARN] [mixin/]: @Mixin target net.minecraft.client.gui.screens.Screen was not found relics.mixins.json:ScreenMixin
[11May2025 05:43:59.309] [main/ERROR] [net.minecraftforge.fml.loading.RuntimeDistCleaner/DISTXFORM]: Attempted to load class net/minecraft/client/player/AbstractClientPlayer for invalid dist DEDICATED_SERVER
[11May2025 05:43:59.309] [main/WARN] [mixin/]: Error loading class: net/minecraft/client/player/AbstractClientPlayer (java.lang.RuntimeException: Attempted to load class net/minecraft/client/player/AbstractClientPlayer for invalid dist DEDICATED_SERVER)
[11May2025 05:43:59.309] [main/WARN] [mixin/]: @Mixin target net.minecraft.client.player.AbstractClientPlayer was not found mixins.create_sa.json:AbstractClientPlayerMixin
[11May2025 05:43:59.933] [main/INFO] [MixinExtras|Service/]: Initializing MixinExtras via com.llamalad7.mixinextras.service.MixinExtrasServiceImpl(version=0.4.1).
[11May2025 05:44:07.766] [main/WARN] [mixin/]: @Inject(@At("INVOKE_ASSIGN")) Shift.BY=2 on refurbished_furniture.common.mixins.json:LevelChunkMixin::handler$zgf000$refurbishedFurniture$AfterRemoveBlockEntity exceeds the maximum allowed value: 0. Increase the value of maxShiftBy to suppress this warning.
[11May2025 05:44:10.043] [modloading-worker-0/INFO] [dev.architectury.networking.forge.NetworkManagerImpl/]: Registering C2S receiver with id architectury:sync_ids
[11May2025 05:44:10.044] [modloading-worker-0/INFO] [dev.architectury.networking.forge.NetworkManagerImpl/]: Registering C2S receiver with id artifacts:networking_channel/42a7ad70b1cc371599a0eff744096b8a
[11May2025 05:44:10.049] [modloading-worker-0/INFO] [dev.architectury.networking.forge.NetworkManagerImpl/]: Registering C2S receiver with id artifacts:networking_channel/74a5e841822a3a87854ae896a33430d6
[11May2025 05:44:10.055] [modloading-worker-0/INFO] [dev.architectury.networking.forge.NetworkManagerImpl/]: Registering C2S receiver with id artifacts:networking_channel/eb3d1e2748533430848cadf0f37c7e9c
[11May2025 05:44:10.060] [modloading-worker-0/INFO] [dev.architectury.networking.forge.NetworkManagerImpl/]: Registering C2S receiver with id artifacts:networking_channel/91c8520f19f93b3e8b6a727568e194ab
[11May2025 05:44:10.061] [modloading-worker-0/INFO] [dev.architectury.networking.forge.NetworkManagerImpl/]: Registering C2S receiver with id artifacts:networking_channel/8c2784d778293fd482ed84b8aa5fedb9
[11May2025 05:44:10.069] [modloading-worker-0/INFO] [dev.architectury.networking.forge.NetworkManagerImpl/]: Registering C2S receiver with id artifacts:networking_channel/ea038224ea783d40b2863f52239e2604
[11May2025 05:44:10.070] [modloading-worker-0/INFO] [dev.architectury.networking.forge.NetworkManagerImpl/]: Registering C2S receiver with id artifacts:networking_channel/97ad64b7ecaf33209991c4f031501a58
[11May2025 05:44:10.308] [modloading-worker-0/INFO] [Dungeon Crawl/]: Here we go! Launching Dungeon Crawl 2.3.15...
[11May2025 05:44:10.860] [modloading-worker-0/INFO] [net.minecraftforge.common.ForgeMod/FORGEMOD]: Forge mod loading, version 47.3.7, for MC 1.20.1 with MCP 20230612.114412
[11May2025 05:44:10.861] [modloading-worker-0/INFO] [net.minecraftforge.common.MinecraftForge/FORGE]: MinecraftForge v47.3.7 Initialized
[11May2025 05:44:11.425] [modloading-worker-0/INFO] [com.simibubi.create.Create/]: Create 6.0.4 initializing! Commit hash: 254bb816aee1c056c74b2ad4beb88222a499da78
[11May2025 05:44:11.849] [modloading-worker-0/WARN] [yungsapi/]: WARNING: block Block{minecraft:iron_ore} added to BlockStateRandomizer exceeds max probabiltiy of 1!
[11May2025 05:44:12.859] [modloading-worker-0/INFO] [be.florens.expandability.ExpandAbility/]: ExpandAbility here, who dis?
[11May2025 05:44:16.750] [main/WARN] [net.minecraft.network.syncher.SynchedEntityData/]: defineId called for: class net.minecraft.world.entity.Entity from class it.hurts.octostudios.rarcompat.items.necklace.ScarfOfInvisibilityItem
[11May2025 05:44:18.097] [main/WARN] [net.minecraft.network.syncher.SynchedEntityData/]: defineId called for: class net.mcreator.borninchaosv.entity.BabySpiderEntity from class net.mcreator.borninchaosv.entity.MotherSpiderEntity
[11May2025 05:44:18.330] [main/WARN] [yungsapi/]: WARNING: block Block{minecraft:iron_ore} added to BlockStateRandomizer exceeds max probabiltiy of 1!
[11May2025 05:44:18.438] [modloading-worker-0/INFO] [Dungeon Crawl/]: Common Setup
[11May2025 05:44:18.907] [Forge Version Check/INFO] [net.minecraftforge.fml.VersionChecker/]: [journeymap] Starting version check at https://forge.curseupdate.com/32274/journeymap
[11May2025 05:44:19.310] [Forge Version Check/INFO] [net.minecraftforge.fml.VersionChecker/]: [journeymap] Found status: BETA Current: 5.10.3 Target: null
[11May2025 05:44:19.310] [Forge Version Check/INFO] [net.minecraftforge.fml.VersionChecker/]: [forge] Starting version check at https://files.minecraftforge.net/net/minecraftforge/forge/promotions_slim.json
[11May2025 05:44:19.381] [main/INFO] [journeymap/]: Initializing Packet Registries
[11May2025 05:44:19.617] [Forge Version Check/INFO] [net.minecraftforge.fml.VersionChecker/]: [forge] Found status: OUTDATED Current: 47.3.7 Target: 47.4.0
[11May2025 05:44:19.617] [Forge Version Check/INFO] [net.minecraftforge.fml.VersionChecker/]: [easy_villagers] Starting version check at https://update.maxhenkel.de/forge/easy_villagers
[11May2025 05:44:19.654] [main/INFO] [Framework/SYNCED_ENTITY_DATA]: Registered synced data key refurbished_furniture:lock_yaw for refurbished_furniture:seat
[11May2025 05:44:20.137] [Forge Version Check/INFO] [net.minecraftforge.fml.VersionChecker/]: [easy_villagers] Found status: AHEAD Current: 1.20.1-1.1.27 Target: null
[11May2025 05:44:20.138] [Forge Version Check/INFO] [net.minecraftforge.fml.VersionChecker/]: [tombstone] Starting version check at https://raw.githubusercontent.com/Corail31/tombstone_lite/master/update.json
[11May2025 05:44:20.191] [Forge Version Check/INFO] [net.minecraftforge.fml.VersionChecker/]: [tombstone] Found status: UP_TO_DATE Current: 8.9.4 Target: null
[11May2025 05:44:20.191] [Forge Version Check/INFO] [net.minecraftforge.fml.VersionChecker/]: [refurbished_furniture] Starting version check at https://mrcrayfish.com/api/mod_update/forge/refurbished_furniture
[11May2025 05:44:20.378] [Forge Version Check/WARN] [net.minecraftforge.fml.VersionChecker/]: Failed to process update information
com.google.gson.JsonSyntaxException: java.lang.IllegalStateException: Expected BEGIN_OBJECT but was STRING at line 1 column 1 path $
	at com.google.gson.Gson.fromJson(Gson.java:1226) ~[gson-2.10.jar%2372!/:?]
	at com.google.gson.Gson.fromJson(Gson.java:1124) ~[gson-2.10.jar%2372!/:?]
	at com.google.gson.Gson.fromJson(Gson.java:1034) ~[gson-2.10.jar%2372!/:?]
	at com.google.gson.Gson.fromJson(Gson.java:969) ~[gson-2.10.jar%2372!/:?]
	at net.minecraftforge.fml.VersionChecker$1.process(VersionChecker.java:183) ~[fmlcore-1.20.1-47.3.7.jar%23204!/:?]
	at java.lang.Iterable.forEach(Iterable.java:75) ~[?:?]
	at net.minecraftforge.fml.VersionChecker$1.run(VersionChecker.java:114) ~[fmlcore-1.20.1-47.3.7.jar%23204!/:?]
Caused by: java.lang.IllegalStateException: Expected BEGIN_OBJECT but was STRING at line 1 column 1 path $
	at com.google.gson.stream.JsonReader.beginObject(JsonReader.java:393) ~[gson-2.10.jar%2372!/:?]
	at com.google.gson.internal.bind.MapTypeAdapterFactory$Adapter.read(MapTypeAdapterFactory.java:182) ~[gson-2.10.jar%2372!/:?]
	at com.google.gson.internal.bind.MapTypeAdapterFactory$Adapter.read(MapTypeAdapterFactory.java:144) ~[gson-2.10.jar%2372!/:?]
	at com.google.gson.Gson.fromJson(Gson.java:1214) ~[gson-2.10.jar%2372!/:?]
	... 6 more
[11May2025 05:44:20.380] [Forge Version Check/INFO] [net.minecraftforge.fml.VersionChecker/]: [framework] Starting version check at https://mrcrayfish.com/modupdatejson?id=framework
[11May2025 05:44:20.407] [Forge Version Check/WARN] [net.minecraftforge.fml.VersionChecker/]: Failed to process update information
com.google.gson.JsonSyntaxException: java.lang.IllegalStateException: Expected BEGIN_OBJECT but was STRING at line 1 column 1 path $
	at com.google.gson.Gson.fromJson(Gson.java:1226) ~[gson-2.10.jar%2372!/:?]
	at com.google.gson.Gson.fromJson(Gson.java:1124) ~[gson-2.10.jar%2372!/:?]
	at com.google.gson.Gson.fromJson(Gson.java:1034) ~[gson-2.10.jar%2372!/:?]
	at com.google.gson.Gson.fromJson(Gson.java:969) ~[gson-2.10.jar%2372!/:?]
	at net.minecraftforge.fml.VersionChecker$1.process(VersionChecker.java:183) ~[fmlcore-1.20.1-47.3.7.jar%23204!/:?]
	at java.lang.Iterable.forEach(Iterable.java:75) ~[?:?]
	at net.minecraftforge.fml.VersionChecker$1.run(VersionChecker.java:114) ~[fmlcore-1.20.1-47.3.7.jar%23204!/:?]
Caused by: java.lang.IllegalStateException: Expected BEGIN_OBJECT but was STRING at line 1 column 1 path $
	at com.google.gson.stream.JsonReader.beginObject(JsonReader.java:393) ~[gson-2.10.jar%2372!/:?]
	at com.google.gson.internal.bind.MapTypeAdapterFactory$Adapter.read(MapTypeAdapterFactory.java:182) ~[gson-2.10.jar%2372!/:?]
	at com.google.gson.internal.bind.MapTypeAdapterFactory$Adapter.read(MapTypeAdapterFactory.java:144) ~[gson-2.10.jar%2372!/:?]
	at com.google.gson.Gson.fromJson(Gson.java:1214) ~[gson-2.10.jar%2372!/:?]
	... 6 more
[11May2025 05:44:23.837] [main/INFO] [com.mojang.authlib.yggdrasil.YggdrasilAuthenticationService/]: Environment: authHost='https://authserver.mojang.com', accountsHost='https://api.mojang.com', sessionHost='https://sessionserver.mojang.com', servicesHost='https://api.minecraftservices.com', name='PROD'
[11May2025 05:44:26.577] [main/WARN] [net.minecraft.server.packs.VanillaPackResourcesBuilder/]: Assets URL 'union:/workspaces/servidor/servidor_minecraft/libraries/net/minecraft/server/1.20.1-20230612.114412/server-1.20.1-20230612.114412-srg.jar%23203!/assets/.mcassetsroot' uses unexpected schema
[11May2025 05:44:26.577] [main/WARN] [net.minecraft.server.packs.VanillaPackResourcesBuilder/]: Assets URL 'union:/workspaces/servidor/servidor_minecraft/libraries/net/minecraft/server/1.20.1-20230612.114412/server-1.20.1-20230612.114412-srg.jar%23203!/data/.mcassetsroot' uses unexpected schema
[11May2025 05:44:26.720] [main/INFO] [com.simibubi.create.Create/]: Created 146 recipes which will be injected into the game
[11May2025 05:44:26.727] [main/INFO] [com.simibubi.create.Create/]: Created 1 tags which will be injected into the game
[11May2025 05:44:29.502] [main/INFO] [com.github.alexthe666.alexsmobs.AlexsMobs/]: Adding datapack listener capsid_recipes
[11May2025 05:44:29.637] [Worker-Main-3/WARN] [artifacts.Artifacts/]: Tag entries for curios:tags/items/magic_book.json cleared by tombstone-1.20.1-8.9.4.jar
[11May2025 05:44:29.644] [Worker-Main-1/ERROR] [net.minecraft.tags.TagLoader/]: Couldn't load tag minecraft:impact_projectiles as it is missing following references: ancient_elements:crystalbeam_projectile (from ancient_elements-1.3.4.jar), 
	ancient_elements:deflected_wind (from ancient_elements-1.3.4.jar), 
	ancient_elements:moltenspearprojektile (from ancient_elements-1.3.4.jar), 
	ancient_elements:wind (from ancient_elements-1.3.4.jar)
[11May2025 05:44:29.695] [Worker-Main-3/ERROR] [net.minecraft.tags.TagLoader/]: Couldn't load tag easy_villagers:invalid_farmer_crop as it is missing following references: farmersdelight:tomato_seeds (from easy-villagers-forge-1.20.1-1.1.27.jar)
[11May2025 05:44:30.874] [main/WARN] [net.minecraft.world.level.storage.loot.LootDataManager/]: Found loot table element validation problem in {loot_tables:born_in_chaos_v1:entities/pumpkinhead}.pools[1].entries[2].functions[1]: Parameters [<parameter minecraft:tool>] are not provided in this context
[11May2025 05:44:30.874] [main/WARN] [net.minecraft.world.level.storage.loot.LootDataManager/]: Found loot table element validation problem in {loot_tables:born_in_chaos_v1:entities/pumpkinhead}.pools[1].entries[1].functions[1]: Parameters [<parameter minecraft:tool>] are not provided in this context
[11May2025 05:44:30.875] [main/WARN] [net.minecraft.world.level.storage.loot.LootDataManager/]: Found loot table element validation problem in {loot_tables:born_in_chaos_v1:entities/pumpkinhead}.pools[1].entries[0].functions[1]: Parameters [<parameter minecraft:tool>] are not provided in this context
[11May2025 05:44:30.875] [main/WARN] [net.minecraft.world.level.storage.loot.LootDataManager/]: Found loot table element validation problem in {loot_tables:alexsmobs:gameplay/seal_reward}.pools[0].entries[0]->{minecraft:gameplay/fishing/junk}.pools[1].condition[0]: Parameters [<parameter minecraft:origin>] are not provided in this context
[11May2025 05:44:30.905] [main/WARN] [com.simibubi.create.Create/]: Your custom createaddition:rolling/electrum_ingot recipe (createaddition:rolling/electrum_ingot) specified a duration. Durations have no impact on this type of recipe.
[11May2025 05:44:30.970] [main/WARN] [com.simibubi.create.Create/]: Your custom createaddition:rolling/brass_ingot recipe (createaddition:rolling/brass_ingot) specified a duration. Durations have no impact on this type of recipe.
[11May2025 05:44:30.990] [main/WARN] [com.simibubi.create.Create/]: Your custom createaddition:rolling/iron_ingot recipe (createaddition:rolling/iron_ingot) specified a duration. Durations have no impact on this type of recipe.
[11May2025 05:44:30.994] [main/WARN] [com.simibubi.create.Create/]: Your custom createaddition:rolling/copper_ingot recipe (createaddition:rolling/copper_ingot) specified a duration. Durations have no impact on this type of recipe.
[11May2025 05:44:31.020] [main/WARN] [com.simibubi.create.Create/]: Your custom createaddition:rolling/gold_ingot recipe (createaddition:rolling/gold_ingot) specified a duration. Durations have no impact on this type of recipe.
[11May2025 05:44:31.022] [main/WARN] [com.simibubi.create.Create/]: Your custom createaddition:rolling/straw recipe (createaddition:rolling/straw) specified a duration. Durations have no impact on this type of recipe.
[11May2025 05:44:31.026] [main/ERROR] [net.minecraft.world.item.crafting.RecipeManager/]: Parsing error loading recipe create_sa:andesite_exoskeleton_recipe
com.google.gson.JsonSyntaxException: Missing item, expected to find a string
	at net.minecraft.util.GsonHelper.m_13906_(GsonHelper.java:127) ~[server-1.20.1-20230612.114412-srg.jar%23203!/:?]
	at net.minecraftforge.common.crafting.CraftingHelper.getItemStack(CraftingHelper.java:185) ~[forge-1.20.1-47.3.7-universal.jar%23208!/:?]
	at net.minecraft.world.item.crafting.ShapedRecipe.m_151274_(ShapedRecipe.java:286) ~[server-1.20.1-20230612.114412-srg.jar%23203!/:?]
	at net.minecraft.world.item.crafting.ShapedRecipe$Serializer.m_6729_(ShapedRecipe.java:311) ~[server-1.20.1-20230612.114412-srg.jar%23203!/:?]
	at com.simibubi.create.content.kinetics.crafter.MechanicalCraftingRecipe$Serializer.m_6729_(MechanicalCraftingRecipe.java:91) ~[create-1.20.1-6.0.4.jar%23162!/:6.0.4]
	at com.simibubi.create.content.kinetics.crafter.MechanicalCraftingRecipe$Serializer.m_6729_(MechanicalCraftingRecipe.java:87) ~[create-1.20.1-6.0.4.jar%23162!/:6.0.4]
	at net.minecraftforge.common.extensions.IForgeRecipeSerializer.fromJson(IForgeRecipeSerializer.java:23) ~[forge-1.20.1-47.3.7-universal.jar%23208!/:?]
	at net.minecraft.world.item.crafting.RecipeManager.fromJson(RecipeManager.java:171) ~[server-1.20.1-20230612.114412-srg.jar%23203!/:?]
	at net.minecraft.world.item.crafting.RecipeManager.m_5787_(RecipeManager.java:67) ~[server-1.20.1-20230612.114412-srg.jar%23203!/:?]
	at net.minecraft.world.item.crafting.RecipeManager.m_5787_(RecipeManager.java:34) ~[server-1.20.1-20230612.114412-srg.jar%23203!/:?]
	at net.minecraft.server.packs.resources.SimplePreparableReloadListener.m_10789_(SimplePreparableReloadListener.java:13) ~[server-1.20.1-20230612.114412-srg.jar%23203!/:?]
	at java.util.concurrent.CompletableFuture$UniAccept.tryFire(CompletableFuture.java:718) ~[?:?]
	at java.util.concurrent.CompletableFuture$Completion.run(CompletableFuture.java:482) ~[?:?]
	at net.minecraft.server.packs.resources.SimpleReloadInstance.m_143940_(SimpleReloadInstance.java:69) ~[server-1.20.1-20230612.114412-srg.jar%23203!/:?]
	at net.minecraft.Util.m_214652_(Util.java:783) ~[server-1.20.1-20230612.114412-srg.jar%23203!/:?]
	at net.minecraft.Util.m_214679_(Util.java:772) ~[server-1.20.1-20230612.114412-srg.jar%23203!/:?]
	at net.minecraft.server.Main.main(Main.java:166) ~[server-1.20.1-20230612.114412-srg.jar%23203!/:?]
	at jdk.internal.reflect.NativeMethodAccessorImpl.invoke0(Native Method) ~[?:?]
	at jdk.internal.reflect.NativeMethodAccessorImpl.invoke(NativeMethodAccessorImpl.java:77) ~[?:?]
	at jdk.internal.reflect.DelegatingMethodAccessorImpl.invoke(DelegatingMethodAccessorImpl.java:43) ~[?:?]
	at java.lang.reflect.Method.invoke(Method.java:569) ~[?:?]
	at net.minecraftforge.fml.loading.targets.CommonLaunchHandler.runTarget(CommonLaunchHandler.java:111) ~[fmlloader-1.20.1-47.3.7.jar%2369!/:?]
	at net.minecraftforge.fml.loading.targets.CommonLaunchHandler.serverService(CommonLaunchHandler.java:103) ~[fmlloader-1.20.1-47.3.7.jar%2369!/:?]
	at net.minecraftforge.fml.loading.targets.CommonServerLaunchHandler.lambda$makeService$0(CommonServerLaunchHandler.java:27) ~[fmlloader-1.20.1-47.3.7.jar%2369!/:?]
	at cpw.mods.modlauncher.LaunchServiceHandlerDecorator.launch(LaunchServiceHandlerDecorator.java:30) ~[modlauncher-10.0.9.jar%2355!/:?]
	at cpw.mods.modlauncher.LaunchServiceHandler.launch(LaunchServiceHandler.java:53) ~[modlauncher-10.0.9.jar%2355!/:?]
	at cpw.mods.modlauncher.LaunchServiceHandler.launch(LaunchServiceHandler.java:71) ~[modlauncher-10.0.9.jar%2355!/:?]
	at cpw.mods.modlauncher.Launcher.run(Launcher.java:108) ~[modlauncher-10.0.9.jar%2355!/:?]
	at cpw.mods.modlauncher.Launcher.main(Launcher.java:78) ~[modlauncher-10.0.9.jar%2355!/:?]
	at cpw.mods.modlauncher.BootstrapLaunchConsumer.accept(BootstrapLaunchConsumer.java:26) ~[modlauncher-10.0.9.jar%2355!/:?]
	at cpw.mods.modlauncher.BootstrapLaunchConsumer.accept(BootstrapLaunchConsumer.java:23) ~[modlauncher-10.0.9.jar%2355!/:?]
	at cpw.mods.bootstraplauncher.BootstrapLauncher.main(BootstrapLauncher.java:141) ~[bootstraplauncher-1.1.2.jar:?]
[11May2025 05:44:31.073] [main/WARN] [com.simibubi.create.Create/]: Your custom createaddition:rolling/electrum_plate recipe (createaddition:rolling/electrum_plate) specified a duration. Durations have no impact on this type of recipe.
[11May2025 05:44:31.088] [main/WARN] [com.simibubi.create.Create/]: Your custom createaddition:rolling/copper_plate recipe (createaddition:rolling/copper_plate) specified a duration. Durations have no impact on this type of recipe.
[11May2025 05:44:31.093] [main/WARN] [com.simibubi.create.Create/]: Your custom createaddition:rolling/iron_plate recipe (createaddition:rolling/iron_plate) specified a duration. Durations have no impact on this type of recipe.
[11May2025 05:44:31.122] [main/WARN] [com.simibubi.create.Create/]: Your custom createaddition:rolling/gold_plate recipe (createaddition:rolling/gold_plate) specified a duration. Durations have no impact on this type of recipe.
[11May2025 05:44:31.135] [main/INFO] [net.minecraft.world.item.crafting.RecipeManager/]: Loaded 40 recipes
[11May2025 05:44:31.395] [main/INFO] [net.minecraft.advancements.AdvancementList/]: Loaded 4770 advancements
[11May2025 05:44:31.401] [main/INFO] [Dungeon Crawl/]: Loading data...
[11May2025 05:44:31.711] [main/INFO] [Dungeon Crawl/]: Done.
[11May2025 05:44:31.733] [main/INFO] [top.theillusivec4.curios.Curios/]: Loaded 13 curio slots
[11May2025 05:44:31.741] [main/ERROR] [top.theillusivec4.curios.Curios/]: talisman is not a registered slot type!
[11May2025 05:44:31.744] [main/INFO] [top.theillusivec4.curios.Curios/]: Loaded 11 curio entities
[11May2025 05:44:31.766] [main/WARN] [net.minecraft.core.MappedRegistry/]: Not all defined tags for registry ResourceKey[minecraft:root / minecraft:worldgen/biome] are present in data pack: minecraft:is_plains
[11May2025 05:44:34.683] [Server thread/INFO] [net.minecraft.server.dedicated.DedicatedServer/]: Starting minecraft server version 1.20.1
[11May2025 05:44:34.683] [Server thread/INFO] [net.minecraft.server.dedicated.DedicatedServer/]: Loading properties
[11May2025 05:44:34.684] [Server thread/INFO] [net.minecraft.server.dedicated.DedicatedServer/]: Default game type: SURVIVAL
[11May2025 05:44:34.684] [Server thread/INFO] [net.minecraft.server.MinecraftServer/]: Generating keypair
[11May2025 05:44:34.813] [Server thread/INFO] [net.minecraft.server.dedicated.DedicatedServer/]: Starting Minecraft server on *:25565
[11May2025 05:44:34.854] [Server thread/INFO] [net.minecraft.server.network.ServerConnectionListener/]: Using epoll channel type
[11May2025 05:44:34.982] [Server thread/WARN] [net.minecraft.server.dedicated.DedicatedServer/]: **** SERVER IS RUNNING IN OFFLINE/INSECURE MODE!
[11May2025 05:44:34.982] [Server thread/WARN] [net.minecraft.server.dedicated.DedicatedServer/]: The server will make no attempt to authenticate usernames. Beware.
[11May2025 05:44:34.982] [Server thread/WARN] [net.minecraft.server.dedicated.DedicatedServer/]: While this makes the game possible to play without internet access, it also opens up the ability for hackers to connect with any username they choose.
[11May2025 05:44:34.983] [Server thread/WARN] [net.minecraft.server.dedicated.DedicatedServer/]: To change this, set "online-mode" to "true" in the server.properties file.
[11May2025 05:44:35.005] [Server thread/INFO] [journeymap/]: Loading JourneyMap Forge Configs
[11May2025 05:44:35.307] [Server thread/INFO] [Framework/]: Loading server configs...
[11May2025 05:44:35.321] [Server thread/INFO] [net.minecraft.server.dedicated.DedicatedServer/]: Preparing level "world"
[11May2025 05:44:35.765] [Server thread/WARN] [yungsapi/]: WARNING: block Block{minecraft:iron_ore} added to BlockStateRandomizer exceeds max probabiltiy of 1!
[11May2025 05:44:40.197] [Server thread/WARN] [yungsapi/]: WARNING: block Block{minecraft:iron_ore} added to BlockStateRandomizer exceeds max probabiltiy of 1!
[11May2025 05:44:40.218] [Server thread/WARN] [yungsapi/]: WARNING: block Block{minecraft:iron_ore} added to BlockStateRandomizer exceeds max probabiltiy of 1!
[11May2025 05:44:40.224] [Server thread/INFO] [net.minecraft.server.MinecraftServer/]: Preparing start region for dimension minecraft:overworld
[11May2025 05:44:47.774] [Worker-Main-1/INFO] [net.minecraft.server.level.progress.LoggerChunkProgressListener/]: Preparing spawn area: 0%
[11May2025 05:44:47.844] [Worker-Main-1/INFO] [net.minecraft.server.level.progress.LoggerChunkProgressListener/]: Preparing spawn area: 0%
[11May2025 05:44:47.859] [Worker-Main-3/INFO] [net.minecraft.server.level.progress.LoggerChunkProgressListener/]: Preparing spawn area: 0%
[11May2025 05:44:47.882] [Worker-Main-2/INFO] [net.minecraft.server.level.progress.LoggerChunkProgressListener/]: Preparing spawn area: 0%
[11May2025 05:44:47.898] [Worker-Main-3/INFO] [net.minecraft.server.level.progress.LoggerChunkProgressListener/]: Preparing spawn area: 0%
[11May2025 05:44:47.962] [Worker-Main-1/INFO] [net.minecraft.server.level.progress.LoggerChunkProgressListener/]: Preparing spawn area: 0%
[11May2025 05:44:47.975] [Worker-Main-3/INFO] [net.minecraft.server.level.progress.LoggerChunkProgressListener/]: Preparing spawn area: 0%
[11May2025 05:44:47.984] [Worker-Main-1/INFO] [net.minecraft.server.level.progress.LoggerChunkProgressListener/]: Preparing spawn area: 0%
[11May2025 05:44:47.992] [Worker-Main-3/INFO] [net.minecraft.server.level.progress.LoggerChunkProgressListener/]: Preparing spawn area: 0%
[11May2025 05:44:48.011] [Worker-Main-2/INFO] [net.minecraft.server.level.progress.LoggerChunkProgressListener/]: Preparing spawn area: 0%
[11May2025 05:44:48.034] [Worker-Main-1/INFO] [net.minecraft.server.level.progress.LoggerChunkProgressListener/]: Preparing spawn area: 0%
[11May2025 05:44:48.052] [Worker-Main-3/INFO] [net.minecraft.server.level.progress.LoggerChunkProgressListener/]: Preparing spawn area: 0%
[11May2025 05:44:48.073] [Worker-Main-3/INFO] [net.minecraft.server.level.progress.LoggerChunkProgressListener/]: Preparing spawn area: 0%
[11May2025 05:44:48.099] [Worker-Main-1/INFO] [net.minecraft.server.level.progress.LoggerChunkProgressListener/]: Preparing spawn area: 0%
[11May2025 05:44:48.117] [Worker-Main-2/INFO] [net.minecraft.server.level.progress.LoggerChunkProgressListener/]: Preparing spawn area: 0%
[11May2025 05:44:48.181] [Worker-Main-1/INFO] [net.minecraft.server.level.progress.LoggerChunkProgressListener/]: Preparing spawn area: 0%
[11May2025 05:44:48.279] [Worker-Main-3/INFO] [net.minecraft.server.level.progress.LoggerChunkProgressListener/]: Preparing spawn area: 0%
[11May2025 05:44:48.731] [Worker-Main-3/INFO] [net.minecraft.server.level.progress.LoggerChunkProgressListener/]: Preparing spawn area: 0%
[11May2025 05:44:49.768] [Worker-Main-1/INFO] [net.minecraft.server.level.progress.LoggerChunkProgressListener/]: Preparing spawn area: 0%
[11May2025 05:44:49.769] [Worker-Main-1/INFO] [net.minecraft.server.level.progress.LoggerChunkProgressListener/]: Preparing spawn area: 0%
[11May2025 05:44:50.226] [Worker-Main-2/INFO] [net.minecraft.server.level.progress.LoggerChunkProgressListener/]: Preparing spawn area: 8%
[11May2025 05:44:50.726] [Worker-Main-1/INFO] [net.minecraft.server.level.progress.LoggerChunkProgressListener/]: Preparing spawn area: 44%
[11May2025 05:44:51.226] [Worker-Main-3/INFO] [net.minecraft.server.level.progress.LoggerChunkProgressListener/]: Preparing spawn area: 87%
[11May2025 05:44:51.345] [Server thread/INFO] [net.minecraft.server.level.progress.LoggerChunkProgressListener/]: Time elapsed: 11120 ms
[11May2025 05:44:51.346] [Server thread/INFO] [net.minecraft.server.dedicated.DedicatedServer/]: Done (16.343s)! For help, type "help"
[11May2025 05:44:51.448] [Server thread/INFO] [net.minecraftforge.server.permission.PermissionAPI/]: Successfully initialized permission handler forge:default_handler
[11May2025 05:44:51.505] [Server thread/INFO] [com.github.alexthe666.iceandfire.IceAndFire/]: {iceandfire:fire_dragon_roost=true, iceandfire:fire_lily=true, iceandfire:spawn_dragon_skeleton_fire=true, iceandfire:lightning_dragon_roost=true, iceandfire:spawn_dragon_skeleton_lightning=true, iceandfire:ice_dragon_roost=true, iceandfire:ice_dragon_cave=true, iceandfire:lightning_dragon_cave=true, iceandfire:cyclops_cave=true, iceandfire:spawn_wandering_cyclops=true, iceandfire:spawn_sea_serpent=true, iceandfire:frost_lily=true, iceandfire:hydra_cave=true, iceandfire:lightning_lily=true, iceandfire:pixie_village=true, iceandfire:myrmex_hive_jungle=true, iceandfire:myrmex_hive_desert=true, iceandfire:silver_ore=true, iceandfire:siren_island=true, iceandfire:spawn_dragon_skeleton_ice=true, iceandfire:spawn_stymphalian_bird=true, iceandfire:fire_dragon_cave=true, iceandfire:sapphire_ore=true, iceandfire:spawn_hippocampus=true, iceandfire:spawn_death_worm=true}
[11May2025 05:44:51.506] [Server thread/INFO] [com.github.alexthe666.iceandfire.IceAndFire/]: {TROLL_S=true, HIPPOGRYPH=true, AMPHITHERE=true, COCKATRICE=true, TROLL_M=true, DREAD_LICH=true, TROLL_F=true}
[11May2025 05:45:12.187] [Server thread/INFO] [net.minecraft.server.network.ServerLoginPacketListenerImpl/]: com.mojang.authlib.GameProfile@365a3f93[id=<null>,name=Maverxck23,properties={},legacy=false] (/127.50.150.81:56069) lost connection: Disconnected
[11May2025 05:45:19.010] [Server thread/WARN] [net.minecraft.network.syncher.SynchedEntityData/]: defineId called for: class net.minecraft.world.entity.player.Player from class tschipp.carryon.common.carry.CarryOnDataManager
[11May2025 05:45:19.290] [Server thread/INFO] [net.minecraft.server.players.PlayerList/]: Maverxck23[/127.50.150.81:55875] logged in with entity id 771 at (334.60317608425856, 79.0, 513.3771711392799)
[11May2025 05:45:19.536] [Server thread/INFO] [net.minecraft.server.MinecraftServer/]: Maverxck23 joined the game
[11May2025 05:45:22.162] [Server thread/WARN] [net.minecraft.server.MinecraftServer/]: Can't keep up! Is the server overloaded? Running 3055ms or 61 ticks behind
[11May2025 06:03:19.950] [Netty Epoll Server IO #6/ERROR] [net.minecraftforge.network.simple.IndexedMessageCodec/SIMPLENET]: Received invalid discriminator byte 17 on channel sophisticatedcore:channel
[11May2025 06:05:32.609] [Server thread/WARN] [net.minecraft.server.level.ServerLevel/]: Tried to add entity ancient_elements:stone_golem but it was marked as removed already
[11May2025 06:19:19.633] [Worker-Main-38/ERROR] [net.minecraft.Util/]: Detected setBlock in a far chunk [250, -78], pos: BlockPos{x=4015, y=67, z=-1247}, status: minecraft:features, currently generating: ResourceKey[minecraft:worldgen/placed_feature / ancient_elements:end_spire_feature]
[11May2025 06:19:19.633] [Worker-Main-38/ERROR] [net.minecraft.Util/]: Detected setBlock in a far chunk [250, -78], pos: BlockPos{x=4015, y=68, z=-1247}, status: minecraft:features, currently generating: ResourceKey[minecraft:worldgen/placed_feature / ancient_elements:end_spire_feature]
[11May2025 06:19:19.635] [Worker-Main-38/ERROR] [net.minecraft.Util/]: Detected setBlock in a far chunk [250, -78], pos: BlockPos{x=4015, y=68, z=-1246}, status: minecraft:features, currently generating: ResourceKey[minecraft:worldgen/placed_feature / ancient_elements:end_spire_feature]
[11May2025 06:19:19.639] [Worker-Main-38/ERROR] [net.minecraft.Util/]: Detected setBlock in a far chunk [250, -78], pos: BlockPos{x=4015, y=69, z=-1247}, status: minecraft:features, currently generating: ResourceKey[minecraft:worldgen/placed_feature / ancient_elements:end_spire_feature]
[11May2025 06:19:19.639] [Worker-Main-38/ERROR] [net.minecraft.Util/]: Detected setBlock in a far chunk [250, -78], pos: BlockPos{x=4015, y=69, z=-1246}, status: minecraft:features, currently generating: ResourceKey[minecraft:worldgen/placed_feature / ancient_elements:end_spire_feature]
[11May2025 06:19:19.639] [Worker-Main-38/ERROR] [net.minecraft.Util/]: Detected setBlock in a far chunk [250, -78], pos: BlockPos{x=4015, y=69, z=-1245}, status: minecraft:features, currently generating: ResourceKey[minecraft:worldgen/placed_feature / ancient_elements:end_spire_feature]
[11May2025 06:19:19.640] [Worker-Main-38/ERROR] [net.minecraft.Util/]: Detected setBlock in a far chunk [250, -78], pos: BlockPos{x=4015, y=70, z=-1246}, status: minecraft:features, currently generating: ResourceKey[minecraft:worldgen/placed_feature / ancient_elements:end_spire_feature]
[11May2025 06:19:19.640] [Worker-Main-38/ERROR] [net.minecraft.Util/]: Detected setBlock in a far chunk [250, -78], pos: BlockPos{x=4015, y=70, z=-1245}, status: minecraft:features, currently generating: ResourceKey[minecraft:worldgen/placed_feature / ancient_elements:end_spire_feature]
[11May2025 06:19:19.641] [Worker-Main-38/ERROR] [net.minecraft.Util/]: Detected setBlock in a far chunk [250, -78], pos: BlockPos{x=4015, y=71, z=-1245}, status: minecraft:features, currently generating: ResourceKey[minecraft:worldgen/placed_feature / ancient_elements:end_spire_feature]
[11May2025 06:19:19.642] [Worker-Main-38/ERROR] [net.minecraft.Util/]: Detected setBlock in a far chunk [250, -78], pos: BlockPos{x=4015, y=71, z=-1244}, status: minecraft:features, currently generating: ResourceKey[minecraft:worldgen/placed_feature / ancient_elements:end_spire_feature]
[11May2025 06:19:19.643] [Worker-Main-38/ERROR] [net.minecraft.Util/]: Detected setBlock in a far chunk [250, -78], pos: BlockPos{x=4015, y=72, z=-1244}, status: minecraft:features, currently generating: ResourceKey[minecraft:worldgen/placed_feature / ancient_elements:end_spire_feature]
[11May2025 06:19:19.643] [Worker-Main-38/ERROR] [net.minecraft.Util/]: Detected setBlock in a far chunk [250, -78], pos: BlockPos{x=4015, y=72, z=-1243}, status: minecraft:features, currently generating: ResourceKey[minecraft:worldgen/placed_feature / ancient_elements:end_spire_feature]
[11May2025 06:19:19.644] [Worker-Main-38/ERROR] [net.minecraft.Util/]: Detected setBlock in a far chunk [250, -78], pos: BlockPos{x=4015, y=72, z=-1242}, status: minecraft:features, currently generating: ResourceKey[minecraft:worldgen/placed_feature / ancient_elements:end_spire_feature]
[11May2025 06:19:19.645] [Worker-Main-38/ERROR] [net.minecraft.Util/]: Detected setBlock in a far chunk [250, -78], pos: BlockPos{x=4015, y=73, z=-1242}, status: minecraft:features, currently generating: ResourceKey[minecraft:worldgen/placed_feature / ancient_elements:end_spire_feature]
[11May2025 06:19:19.662] [Worker-Main-38/ERROR] [net.minecraft.Util/]: Detected setBlock in a far chunk [250, -79], pos: BlockPos{x=4015, y=63, z=-1252}, status: minecraft:features, currently generating: ResourceKey[minecraft:worldgen/placed_feature / ancient_elements:end_spire_feature]
[11May2025 06:19:19.662] [Worker-Main-38/ERROR] [net.minecraft.Util/]: Detected setBlock in a far chunk [250, -79], pos: BlockPos{x=4015, y=63, z=-1251}, status: minecraft:features, currently generating: ResourceKey[minecraft:worldgen/placed_feature / ancient_elements:end_spire_feature]
[11May2025 06:19:19.663] [Worker-Main-38/ERROR] [net.minecraft.Util/]: Detected setBlock in a far chunk [250, -79], pos: BlockPos{x=4015, y=63, z=-1250}, status: minecraft:features, currently generating: ResourceKey[minecraft:worldgen/placed_feature / ancient_elements:end_spire_feature]
[11May2025 06:19:19.663] [Worker-Main-38/ERROR] [net.minecraft.Util/]: Detected setBlock in a far chunk [250, -79], pos: BlockPos{x=4015, y=63, z=-1249}, status: minecraft:features, currently generating: ResourceKey[minecraft:worldgen/placed_feature / ancient_elements:end_spire_feature]
[11May2025 06:19:19.663] [Worker-Main-38/ERROR] [net.minecraft.Util/]: Detected setBlock in a far chunk [250, -78], pos: BlockPos{x=4015, y=63, z=-1248}, status: minecraft:features, currently generating: ResourceKey[minecraft:worldgen/placed_feature / ancient_elements:end_spire_feature]
[11May2025 06:19:19.663] [Worker-Main-38/ERROR] [net.minecraft.Util/]: Detected setBlock in a far chunk [250, -78], pos: BlockPos{x=4015, y=63, z=-1247}, status: minecraft:features, currently generating: ResourceKey[minecraft:worldgen/placed_feature / ancient_elements:end_spire_feature]
[11May2025 06:19:19.664] [Worker-Main-38/ERROR] [net.minecraft.Util/]: Detected setBlock in a far chunk [250, -78], pos: BlockPos{x=4015, y=63, z=-1246}, status: minecraft:features, currently generating: ResourceKey[minecraft:worldgen/placed_feature / ancient_elements:end_spire_feature]
[11May2025 06:19:19.664] [Worker-Main-38/ERROR] [net.minecraft.Util/]: Detected setBlock in a far chunk [250, -78], pos: BlockPos{x=4015, y=63, z=-1245}, status: minecraft:features, currently generating: ResourceKey[minecraft:worldgen/placed_feature / ancient_elements:end_spire_feature]
[11May2025 06:19:19.664] [Worker-Main-38/ERROR] [net.minecraft.Util/]: Detected setBlock in a far chunk [250, -78], pos: BlockPos{x=4015, y=63, z=-1244}, status: minecraft:features, currently generating: ResourceKey[minecraft:worldgen/placed_feature / ancient_elements:end_spire_feature]
[11May2025 06:19:19.664] [Worker-Main-38/ERROR] [net.minecraft.Util/]: Detected setBlock in a far chunk [250, -78], pos: BlockPos{x=4015, y=63, z=-1243}, status: minecraft:features, currently generating: ResourceKey[minecraft:worldgen/placed_feature / ancient_elements:end_spire_feature]
[11May2025 06:19:19.665] [Worker-Main-38/ERROR] [net.minecraft.Util/]: Detected setBlock in a far chunk [250, -78], pos: BlockPos{x=4015, y=63, z=-1242}, status: minecraft:features, currently generating: ResourceKey[minecraft:worldgen/placed_feature / ancient_elements:end_spire_feature]
[11May2025 06:19:19.665] [Worker-Main-38/ERROR] [net.minecraft.Util/]: Detected setBlock in a far chunk [250, -78], pos: BlockPos{x=4015, y=63, z=-1241}, status: minecraft:features, currently generating: ResourceKey[minecraft:worldgen/placed_feature / ancient_elements:end_spire_feature]
[11May2025 06:19:19.665] [Worker-Main-38/ERROR] [net.minecraft.Util/]: Detected setBlock in a far chunk [250, -78], pos: BlockPos{x=4015, y=63, z=-1240}, status: minecraft:features, currently generating: ResourceKey[minecraft:worldgen/placed_feature / ancient_elements:end_spire_feature]
[11May2025 06:19:19.665] [Worker-Main-38/ERROR] [net.minecraft.Util/]: Detected setBlock in a far chunk [250, -78], pos: BlockPos{x=4015, y=63, z=-1239}, status: minecraft:features, currently generating: ResourceKey[minecraft:worldgen/placed_feature / ancient_elements:end_spire_feature]
[11May2025 06:19:19.665] [Worker-Main-38/ERROR] [net.minecraft.Util/]: Detected setBlock in a far chunk [250, -78], pos: BlockPos{x=4015, y=63, z=-1238}, status: minecraft:features, currently generating: ResourceKey[minecraft:worldgen/placed_feature / ancient_elements:end_spire_feature]
[11May2025 06:19:19.666] [Worker-Main-38/ERROR] [net.minecraft.Util/]: Detected setBlock in a far chunk [250, -78], pos: BlockPos{x=4015, y=63, z=-1237}, status: minecraft:features, currently generating: ResourceKey[minecraft:worldgen/placed_feature / ancient_elements:end_spire_feature]
[11May2025 06:19:19.666] [Worker-Main-38/ERROR] [net.minecraft.Util/]: Detected setBlock in a far chunk [250, -78], pos: BlockPos{x=4015, y=63, z=-1236}, status: minecraft:features, currently generating: ResourceKey[minecraft:worldgen/placed_feature / ancient_elements:end_spire_feature]
[11May2025 06:19:19.667] [Worker-Main-38/ERROR] [net.minecraft.Util/]: Detected setBlock in a far chunk [250, -79], pos: BlockPos{x=4015, y=64, z=-1252}, status: minecraft:features, currently generating: ResourceKey[minecraft:worldgen/placed_feature / ancient_elements:end_spire_feature]
[11May2025 06:19:19.667] [Worker-Main-38/ERROR] [net.minecraft.Util/]: Detected setBlock in a far chunk [250, -79], pos: BlockPos{x=4015, y=64, z=-1251}, status: minecraft:features, currently generating: ResourceKey[minecraft:worldgen/placed_feature / ancient_elements:end_spire_feature]
[11May2025 06:19:19.668] [Worker-Main-38/ERROR] [net.minecraft.Util/]: Detected setBlock in a far chunk [250, -79], pos: BlockPos{x=4015, y=64, z=-1250}, status: minecraft:features, currently generating: ResourceKey[minecraft:worldgen/placed_feature / ancient_elements:end_spire_feature]
[11May2025 06:19:19.668] [Worker-Main-38/ERROR] [net.minecraft.Util/]: Detected setBlock in a far chunk [250, -79], pos: BlockPos{x=4015, y=64, z=-1249}, status: minecraft:features, currently generating: ResourceKey[minecraft:worldgen/placed_feature / ancient_elements:end_spire_feature]
[11May2025 06:19:19.668] [Worker-Main-38/ERROR] [net.minecraft.Util/]: Detected setBlock in a far chunk [250, -78], pos: BlockPos{x=4015, y=64, z=-1248}, status: minecraft:features, currently generating: ResourceKey[minecraft:worldgen/placed_feature / ancient_elements:end_spire_feature]
[11May2025 06:19:19.668] [Worker-Main-38/ERROR] [net.minecraft.Util/]: Detected setBlock in a far chunk [250, -78], pos: BlockPos{x=4015, y=64, z=-1247}, status: minecraft:features, currently generating: ResourceKey[minecraft:worldgen/placed_feature / ancient_elements:end_spire_feature]
[11May2025 06:19:19.668] [Worker-Main-38/ERROR] [net.minecraft.Util/]: Detected setBlock in a far chunk [250, -78], pos: BlockPos{x=4015, y=64, z=-1246}, status: minecraft:features, currently generating: ResourceKey[minecraft:worldgen/placed_feature / ancient_elements:end_spire_feature]
[11May2025 06:19:19.669] [Worker-Main-38/ERROR] [net.minecraft.Util/]: Detected setBlock in a far chunk [250, -78], pos: BlockPos{x=4015, y=64, z=-1245}, status: minecraft:features, currently generating: ResourceKey[minecraft:worldgen/placed_feature / ancient_elements:end_spire_feature]
[11May2025 06:19:19.669] [Worker-Main-38/ERROR] [net.minecraft.Util/]: Detected setBlock in a far chunk [250, -78], pos: BlockPos{x=4015, y=64, z=-1244}, status: minecraft:features, currently generating: ResourceKey[minecraft:worldgen/placed_feature / ancient_elements:end_spire_feature]
[11May2025 06:19:19.669] [Worker-Main-38/ERROR] [net.minecraft.Util/]: Detected setBlock in a far chunk [250, -78], pos: BlockPos{x=4015, y=64, z=-1243}, status: minecraft:features, currently generating: ResourceKey[minecraft:worldgen/placed_feature / ancient_elements:end_spire_feature]
[11May2025 06:19:19.669] [Worker-Main-38/ERROR] [net.minecraft.Util/]: Detected setBlock in a far chunk [250, -78], pos: BlockPos{x=4015, y=64, z=-1242}, status: minecraft:features, currently generating: ResourceKey[minecraft:worldgen/placed_feature / ancient_elements:end_spire_feature]
[11May2025 06:19:19.669] [Worker-Main-38/ERROR] [net.minecraft.Util/]: Detected setBlock in a far chunk [250, -78], pos: BlockPos{x=4015, y=64, z=-1241}, status: minecraft:features, currently generating: ResourceKey[minecraft:worldgen/placed_feature / ancient_elements:end_spire_feature]
[11May2025 06:19:19.670] [Worker-Main-38/ERROR] [net.minecraft.Util/]: Detected setBlock in a far chunk [250, -78], pos: BlockPos{x=4015, y=64, z=-1240}, status: minecraft:features, currently generating: ResourceKey[minecraft:worldgen/placed_feature / ancient_elements:end_spire_feature]
[11May2025 06:19:19.670] [Worker-Main-38/ERROR] [net.minecraft.Util/]: Detected setBlock in a far chunk [250, -78], pos: BlockPos{x=4015, y=64, z=-1239}, status: minecraft:features, currently generating: ResourceKey[minecraft:worldgen/placed_feature / ancient_elements:end_spire_feature]
[11May2025 06:19:19.670] [Worker-Main-38/ERROR] [net.minecraft.Util/]: Detected setBlock in a far chunk [250, -78], pos: BlockPos{x=4015, y=64, z=-1238}, status: minecraft:features, currently generating: ResourceKey[minecraft:worldgen/placed_feature / ancient_elements:end_spire_feature]
[11May2025 06:19:19.670] [Worker-Main-38/ERROR] [net.minecraft.Util/]: Detected setBlock in a far chunk [250, -78], pos: BlockPos{x=4015, y=64, z=-1237}, status: minecraft:features, currently generating: ResourceKey[minecraft:worldgen/placed_feature / ancient_elements:end_spire_feature]
[11May2025 06:19:19.671] [Worker-Main-38/ERROR] [net.minecraft.Util/]: Detected setBlock in a far chunk [250, -78], pos: BlockPos{x=4015, y=64, z=-1236}, status: minecraft:features, currently generating: ResourceKey[minecraft:worldgen/placed_feature / ancient_elements:end_spire_feature]
[11May2025 06:19:19.672] [Worker-Main-38/ERROR] [net.minecraft.Util/]: Detected setBlock in a far chunk [250, -79], pos: BlockPos{x=4015, y=65, z=-1252}, status: minecraft:features, currently generating: ResourceKey[minecraft:worldgen/placed_feature / ancient_elements:end_spire_feature]
[11May2025 06:19:19.672] [Worker-Main-38/ERROR] [net.minecraft.Util/]: Detected setBlock in a far chunk [250, -79], pos: BlockPos{x=4015, y=65, z=-1251}, status: minecraft:features, currently generating: ResourceKey[minecraft:worldgen/placed_feature / ancient_elements:end_spire_feature]
[11May2025 06:19:19.672] [Worker-Main-38/ERROR] [net.minecraft.Util/]: Detected setBlock in a far chunk [250, -79], pos: BlockPos{x=4015, y=65, z=-1250}, status: minecraft:features, currently generating: ResourceKey[minecraft:worldgen/placed_feature / ancient_elements:end_spire_feature]
[11May2025 06:19:19.672] [Worker-Main-38/ERROR] [net.minecraft.Util/]: Detected setBlock in a far chunk [250, -79], pos: BlockPos{x=4015, y=65, z=-1249}, status: minecraft:features, currently generating: ResourceKey[minecraft:worldgen/placed_feature / ancient_elements:end_spire_feature]
[11May2025 06:19:19.673] [Worker-Main-38/ERROR] [net.minecraft.Util/]: Detected setBlock in a far chunk [250, -78], pos: BlockPos{x=4015, y=65, z=-1248}, status: minecraft:features, currently generating: ResourceKey[minecraft:worldgen/placed_feature / ancient_elements:end_spire_feature]
[11May2025 06:19:19.673] [Worker-Main-38/ERROR] [net.minecraft.Util/]: Detected setBlock in a far chunk [250, -78], pos: BlockPos{x=4015, y=65, z=-1247}, status: minecraft:features, currently generating: ResourceKey[minecraft:worldgen/placed_feature / ancient_elements:end_spire_feature]
[11May2025 06:19:19.673] [Worker-Main-38/ERROR] [net.minecraft.Util/]: Detected setBlock in a far chunk [250, -78], pos: BlockPos{x=4015, y=65, z=-1246}, status: minecraft:features, currently generating: ResourceKey[minecraft:worldgen/placed_feature / ancient_elements:end_spire_feature]
[11May2025 06:19:19.674] [Worker-Main-38/ERROR] [net.minecraft.Util/]: Detected setBlock in a far chunk [250, -78], pos: BlockPos{x=4015, y=65, z=-1245}, status: minecraft:features, currently generating: ResourceKey[minecraft:worldgen/placed_feature / ancient_elements:end_spire_feature]
[11May2025 06:19:19.674] [Worker-Main-38/ERROR] [net.minecraft.Util/]: Detected setBlock in a far chunk [250, -78], pos: BlockPos{x=4015, y=65, z=-1244}, status: minecraft:features, currently generating: ResourceKey[minecraft:worldgen/placed_feature / ancient_elements:end_spire_feature]
[11May2025 06:19:19.674] [Worker-Main-38/ERROR] [net.minecraft.Util/]: Detected setBlock in a far chunk [250, -78], pos: BlockPos{x=4015, y=65, z=-1243}, status: minecraft:features, currently generating: ResourceKey[minecraft:worldgen/placed_feature / ancient_elements:end_spire_feature]
[11May2025 06:19:19.674] [Worker-Main-38/ERROR] [net.minecraft.Util/]: Detected setBlock in a far chunk [250, -78], pos: BlockPos{x=4015, y=65, z=-1242}, status: minecraft:features, currently generating: ResourceKey[minecraft:worldgen/placed_feature / ancient_elements:end_spire_feature]
[11May2025 06:19:19.675] [Worker-Main-38/ERROR] [net.minecraft.Util/]: Detected setBlock in a far chunk [250, -78], pos: BlockPos{x=4015, y=65, z=-1241}, status: minecraft:features, currently generating: ResourceKey[minecraft:worldgen/placed_feature / ancient_elements:end_spire_feature]
[11May2025 06:19:19.675] [Worker-Main-38/ERROR] [net.minecraft.Util/]: Detected setBlock in a far chunk [250, -78], pos: BlockPos{x=4015, y=65, z=-1240}, status: minecraft:features, currently generating: ResourceKey[minecraft:worldgen/placed_feature / ancient_elements:end_spire_feature]
[11May2025 06:19:19.675] [Worker-Main-38/ERROR] [net.minecraft.Util/]: Detected setBlock in a far chunk [250, -78], pos: BlockPos{x=4015, y=65, z=-1239}, status: minecraft:features, currently generating: ResourceKey[minecraft:worldgen/placed_feature / ancient_elements:end_spire_feature]
[11May2025 06:19:19.675] [Worker-Main-38/ERROR] [net.minecraft.Util/]: Detected setBlock in a far chunk [250, -78], pos: BlockPos{x=4015, y=65, z=-1238}, status: minecraft:features, currently generating: ResourceKey[minecraft:worldgen/placed_feature / ancient_elements:end_spire_feature]
[11May2025 06:19:19.675] [Worker-Main-38/ERROR] [net.minecraft.Util/]: Detected setBlock in a far chunk [250, -78], pos: BlockPos{x=4015, y=65, z=-1237}, status: minecraft:features, currently generating: ResourceKey[minecraft:worldgen/placed_feature / ancient_elements:end_spire_feature]
[11May2025 06:19:19.676] [Worker-Main-38/ERROR] [net.minecraft.Util/]: Detected setBlock in a far chunk [250, -78], pos: BlockPos{x=4015, y=65, z=-1236}, status: minecraft:features, currently generating: ResourceKey[minecraft:worldgen/placed_feature / ancient_elements:end_spire_feature]
[11May2025 06:19:19.677] [Worker-Main-38/ERROR] [net.minecraft.Util/]: Detected setBlock in a far chunk [250, -79], pos: BlockPos{x=4015, y=66, z=-1252}, status: minecraft:features, currently generating: ResourceKey[minecraft:worldgen/placed_feature / ancient_elements:end_spire_feature]
[11May2025 06:19:19.677] [Worker-Main-38/ERROR] [net.minecraft.Util/]: Detected setBlock in a far chunk [250, -79], pos: BlockPos{x=4015, y=66, z=-1251}, status: minecraft:features, currently generating: ResourceKey[minecraft:worldgen/placed_feature / ancient_elements:end_spire_feature]
[11May2025 06:19:19.678] [Worker-Main-38/ERROR] [net.minecraft.Util/]: Detected setBlock in a far chunk [250, -79], pos: BlockPos{x=4015, y=66, z=-1250}, status: minecraft:features, currently generating: ResourceKey[minecraft:worldgen/placed_feature / ancient_elements:end_spire_feature]
[11May2025 06:19:19.679] [Worker-Main-38/ERROR] [net.minecraft.Util/]: Detected setBlock in a far chunk [250, -79], pos: BlockPos{x=4015, y=66, z=-1249}, status: minecraft:features, currently generating: ResourceKey[minecraft:worldgen/placed_feature / ancient_elements:end_spire_feature]
[11May2025 06:19:19.679] [Worker-Main-38/ERROR] [net.minecraft.Util/]: Detected setBlock in a far chunk [250, -78], pos: BlockPos{x=4015, y=66, z=-1248}, status: minecraft:features, currently generating: ResourceKey[minecraft:worldgen/placed_feature / ancient_elements:end_spire_feature]
[11May2025 06:19:19.679] [Worker-Main-38/ERROR] [net.minecraft.Util/]: Detected setBlock in a far chunk [250, -78], pos: BlockPos{x=4015, y=66, z=-1247}, status: minecraft:features, currently generating: ResourceKey[minecraft:worldgen/placed_feature / ancient_elements:end_spire_feature]
[11May2025 06:19:19.679] [Worker-Main-38/ERROR] [net.minecraft.Util/]: Detected setBlock in a far chunk [250, -78], pos: BlockPos{x=4015, y=66, z=-1246}, status: minecraft:features, currently generating: ResourceKey[minecraft:worldgen/placed_feature / ancient_elements:end_spire_feature]
[11May2025 06:19:19.681] [Worker-Main-38/ERROR] [net.minecraft.Util/]: Detected setBlock in a far chunk [250, -78], pos: BlockPos{x=4015, y=66, z=-1245}, status: minecraft:features, currently generating: ResourceKey[minecraft:worldgen/placed_feature / ancient_elements:end_spire_feature]
[11May2025 06:19:19.681] [Worker-Main-38/ERROR] [net.minecraft.Util/]: Detected setBlock in a far chunk [250, -78], pos: BlockPos{x=4015, y=66, z=-1244}, status: minecraft:features, currently generating: ResourceKey[minecraft:worldgen/placed_feature / ancient_elements:end_spire_feature]
[11May2025 06:19:19.689] [Worker-Main-38/ERROR] [net.minecraft.Util/]: Detected setBlock in a far chunk [250, -78], pos: BlockPos{x=4015, y=66, z=-1243}, status: minecraft:features, currently generating: ResourceKey[minecraft:worldgen/placed_feature / ancient_elements:end_spire_feature]
[11May2025 06:19:19.689] [Worker-Main-38/ERROR] [net.minecraft.Util/]: Detected setBlock in a far chunk [250, -78], pos: BlockPos{x=4015, y=66, z=-1242}, status: minecraft:features, currently generating: ResourceKey[minecraft:worldgen/placed_feature / ancient_elements:end_spire_feature]
[11May2025 06:19:19.689] [Worker-Main-38/ERROR] [net.minecraft.Util/]: Detected setBlock in a far chunk [250, -78], pos: BlockPos{x=4015, y=66, z=-1241}, status: minecraft:features, currently generating: ResourceKey[minecraft:worldgen/placed_feature / ancient_elements:end_spire_feature]
[11May2025 06:19:19.689] [Worker-Main-38/ERROR] [net.minecraft.Util/]: Detected setBlock in a far chunk [250, -78], pos: BlockPos{x=4015, y=66, z=-1240}, status: minecraft:features, currently generating: ResourceKey[minecraft:worldgen/placed_feature / ancient_elements:end_spire_feature]
[11May2025 06:19:19.689] [Worker-Main-38/ERROR] [net.minecraft.Util/]: Detected setBlock in a far chunk [250, -78], pos: BlockPos{x=4015, y=66, z=-1239}, status: minecraft:features, currently generating: ResourceKey[minecraft:worldgen/placed_feature / ancient_elements:end_spire_feature]
[11May2025 06:19:19.690] [Worker-Main-38/ERROR] [net.minecraft.Util/]: Detected setBlock in a far chunk [250, -78], pos: BlockPos{x=4015, y=66, z=-1238}, status: minecraft:features, currently generating: ResourceKey[minecraft:worldgen/placed_feature / ancient_elements:end_spire_feature]
[11May2025 06:19:19.690] [Worker-Main-38/ERROR] [net.minecraft.Util/]: Detected setBlock in a far chunk [250, -78], pos: BlockPos{x=4015, y=66, z=-1237}, status: minecraft:features, currently generating: ResourceKey[minecraft:worldgen/placed_feature / ancient_elements:end_spire_feature]
[11May2025 06:19:19.690] [Worker-Main-38/ERROR] [net.minecraft.Util/]: Detected setBlock in a far chunk [250, -78], pos: BlockPos{x=4015, y=66, z=-1236}, status: minecraft:features, currently generating: ResourceKey[minecraft:worldgen/placed_feature / ancient_elements:end_spire_feature]
[11May2025 06:19:19.691] [Worker-Main-38/ERROR] [net.minecraft.Util/]: Detected setBlock in a far chunk [250, -79], pos: BlockPos{x=4015, y=67, z=-1252}, status: minecraft:features, currently generating: ResourceKey[minecraft:worldgen/placed_feature / ancient_elements:end_spire_feature]
[11May2025 06:19:19.691] [Worker-Main-38/ERROR] [net.minecraft.Util/]: Detected setBlock in a far chunk [250, -79], pos: BlockPos{x=4015, y=67, z=-1251}, status: minecraft:features, currently generating: ResourceKey[minecraft:worldgen/placed_feature / ancient_elements:end_spire_feature]
[11May2025 06:19:19.691] [Worker-Main-38/ERROR] [net.minecraft.Util/]: Detected setBlock in a far chunk [250, -79], pos: BlockPos{x=4015, y=67, z=-1250}, status: minecraft:features, currently generating: ResourceKey[minecraft:worldgen/placed_feature / ancient_elements:end_spire_feature]
[11May2025 06:19:19.692] [Worker-Main-38/ERROR] [net.minecraft.Util/]: Detected setBlock in a far chunk [250, -79], pos: BlockPos{x=4015, y=67, z=-1249}, status: minecraft:features, currently generating: ResourceKey[minecraft:worldgen/placed_feature / ancient_elements:end_spire_feature]
[11May2025 06:19:19.692] [Worker-Main-38/ERROR] [net.minecraft.Util/]: Detected setBlock in a far chunk [250, -78], pos: BlockPos{x=4015, y=67, z=-1248}, status: minecraft:features, currently generating: ResourceKey[minecraft:worldgen/placed_feature / ancient_elements:end_spire_feature]
[11May2025 06:19:19.692] [Worker-Main-38/ERROR] [net.minecraft.Util/]: Detected setBlock in a far chunk [250, -78], pos: BlockPos{x=4015, y=67, z=-1246}, status: minecraft:features, currently generating: ResourceKey[minecraft:worldgen/placed_feature / ancient_elements:end_spire_feature]
[11May2025 06:19:19.692] [Worker-Main-38/ERROR] [net.minecraft.Util/]: Detected setBlock in a far chunk [250, -78], pos: BlockPos{x=4015, y=67, z=-1245}, status: minecraft:features, currently generating: ResourceKey[minecraft:worldgen/placed_feature / ancient_elements:end_spire_feature]
[11May2025 06:19:19.692] [Worker-Main-38/ERROR] [net.minecraft.Util/]: Detected setBlock in a far chunk [250, -78], pos: BlockPos{x=4015, y=67, z=-1244}, status: minecraft:features, currently generating: ResourceKey[minecraft:worldgen/placed_feature / ancient_elements:end_spire_feature]
[11May2025 06:19:19.693] [Worker-Main-38/ERROR] [net.minecraft.Util/]: Detected setBlock in a far chunk [250, -78], pos: BlockPos{x=4015, y=67, z=-1243}, status: minecraft:features, currently generating: ResourceKey[minecraft:worldgen/placed_feature / ancient_elements:end_spire_feature]
[11May2025 06:19:19.693] [Worker-Main-38/ERROR] [net.minecraft.Util/]: Detected setBlock in a far chunk [250, -78], pos: BlockPos{x=4015, y=67, z=-1242}, status: minecraft:features, currently generating: ResourceKey[minecraft:worldgen/placed_feature / ancient_elements:end_spire_feature]
[11May2025 06:19:19.693] [Worker-Main-38/ERROR] [net.minecraft.Util/]: Detected setBlock in a far chunk [250, -78], pos: BlockPos{x=4015, y=67, z=-1241}, status: minecraft:features, currently generating: ResourceKey[minecraft:worldgen/placed_feature / ancient_elements:end_spire_feature]
[11May2025 06:19:19.693] [Worker-Main-38/ERROR] [net.minecraft.Util/]: Detected setBlock in a far chunk [250, -78], pos: BlockPos{x=4015, y=67, z=-1240}, status: minecraft:features, currently generating: ResourceKey[minecraft:worldgen/placed_feature / ancient_elements:end_spire_feature]
[11May2025 06:19:19.693] [Worker-Main-38/ERROR] [net.minecraft.Util/]: Detected setBlock in a far chunk [250, -78], pos: BlockPos{x=4015, y=67, z=-1239}, status: minecraft:features, currently generating: ResourceKey[minecraft:worldgen/placed_feature / ancient_elements:end_spire_feature]
[11May2025 06:19:19.693] [Worker-Main-38/ERROR] [net.minecraft.Util/]: Detected setBlock in a far chunk [250, -78], pos: BlockPos{x=4015, y=67, z=-1238}, status: minecraft:features, currently generating: ResourceKey[minecraft:worldgen/placed_feature / ancient_elements:end_spire_feature]
[11May2025 06:19:19.694] [Worker-Main-38/ERROR] [net.minecraft.Util/]: Detected setBlock in a far chunk [250, -78], pos: BlockPos{x=4015, y=67, z=-1237}, status: minecraft:features, currently generating: ResourceKey[minecraft:worldgen/placed_feature / ancient_elements:end_spire_feature]
[11May2025 06:19:19.694] [Worker-Main-38/ERROR] [net.minecraft.Util/]: Detected setBlock in a far chunk [250, -78], pos: BlockPos{x=4015, y=67, z=-1236}, status: minecraft:features, currently generating: ResourceKey[minecraft:worldgen/placed_feature / ancient_elements:end_spire_feature]
[11May2025 06:19:19.696] [Worker-Main-38/ERROR] [net.minecraft.Util/]: Detected setBlock in a far chunk [250, -79], pos: BlockPos{x=4015, y=68, z=-1252}, status: minecraft:features, currently generating: ResourceKey[minecraft:worldgen/placed_feature / ancient_elements:end_spire_feature]
[11May2025 06:19:19.696] [Worker-Main-38/ERROR] [net.minecraft.Util/]: Detected setBlock in a far chunk [250, -79], pos: BlockPos{x=4015, y=68, z=-1251}, status: minecraft:features, currently generating: ResourceKey[minecraft:worldgen/placed_feature / ancient_elements:end_spire_feature]
[11May2025 06:19:19.697] [Worker-Main-38/ERROR] [net.minecraft.Util/]: Detected setBlock in a far chunk [250, -79], pos: BlockPos{x=4015, y=68, z=-1250}, status: minecraft:features, currently generating: ResourceKey[minecraft:worldgen/placed_feature / ancient_elements:end_spire_feature]
[11May2025 06:19:19.697] [Worker-Main-38/ERROR] [net.minecraft.Util/]: Detected setBlock in a far chunk [250, -79], pos: BlockPos{x=4015, y=68, z=-1249}, status: minecraft:features, currently generating: ResourceKey[minecraft:worldgen/placed_feature / ancient_elements:end_spire_feature]
[11May2025 06:19:19.697] [Worker-Main-38/ERROR] [net.minecraft.Util/]: Detected setBlock in a far chunk [250, -78], pos: BlockPos{x=4015, y=68, z=-1248}, status: minecraft:features, currently generating: ResourceKey[minecraft:worldgen/placed_feature / ancient_elements:end_spire_feature]
[11May2025 06:19:19.697] [Worker-Main-38/ERROR] [net.minecraft.Util/]: Detected setBlock in a far chunk [250, -78], pos: BlockPos{x=4015, y=68, z=-1245}, status: minecraft:features, currently generating: ResourceKey[minecraft:worldgen/placed_feature / ancient_elements:end_spire_feature]
[11May2025 06:19:19.698] [Worker-Main-38/ERROR] [net.minecraft.Util/]: Detected setBlock in a far chunk [250, -78], pos: BlockPos{x=4015, y=68, z=-1244}, status: minecraft:features, currently generating: ResourceKey[minecraft:worldgen/placed_feature / ancient_elements:end_spire_feature]
[11May2025 06:19:19.698] [Worker-Main-38/ERROR] [net.minecraft.Util/]: Detected setBlock in a far chunk [250, -78], pos: BlockPos{x=4015, y=68, z=-1243}, status: minecraft:features, currently generating: ResourceKey[minecraft:worldgen/placed_feature / ancient_elements:end_spire_feature]
[11May2025 06:19:19.699] [Worker-Main-38/ERROR] [net.minecraft.Util/]: Detected setBlock in a far chunk [250, -78], pos: BlockPos{x=4015, y=68, z=-1242}, status: minecraft:features, currently generating: ResourceKey[minecraft:worldgen/placed_feature / ancient_elements:end_spire_feature]
[11May2025 06:19:19.699] [Worker-Main-38/ERROR] [net.minecraft.Util/]: Detected setBlock in a far chunk [250, -78], pos: BlockPos{x=4015, y=68, z=-1241}, status: minecraft:features, currently generating: ResourceKey[minecraft:worldgen/placed_feature / ancient_elements:end_spire_feature]
[11May2025 06:19:19.700] [Worker-Main-38/ERROR] [net.minecraft.Util/]: Detected setBlock in a far chunk [250, -78], pos: BlockPos{x=4015, y=68, z=-1240}, status: minecraft:features, currently generating: ResourceKey[minecraft:worldgen/placed_feature / ancient_elements:end_spire_feature]
[11May2025 06:19:19.700] [Worker-Main-38/ERROR] [net.minecraft.Util/]: Detected setBlock in a far chunk [250, -78], pos: BlockPos{x=4015, y=68, z=-1239}, status: minecraft:features, currently generating: ResourceKey[minecraft:worldgen/placed_feature / ancient_elements:end_spire_feature]
[11May2025 06:19:19.700] [Worker-Main-38/ERROR] [net.minecraft.Util/]: Detected setBlock in a far chunk [250, -78], pos: BlockPos{x=4015, y=68, z=-1238}, status: minecraft:features, currently generating: ResourceKey[minecraft:worldgen/placed_feature / ancient_elements:end_spire_feature]
[11May2025 06:19:19.701] [Worker-Main-38/ERROR] [net.minecraft.Util/]: Detected setBlock in a far chunk [250, -78], pos: BlockPos{x=4015, y=68, z=-1237}, status: minecraft:features, currently generating: ResourceKey[minecraft:worldgen/placed_feature / ancient_elements:end_spire_feature]
[11May2025 06:19:19.702] [Worker-Main-38/ERROR] [net.minecraft.Util/]: Detected setBlock in a far chunk [250, -78], pos: BlockPos{x=4015, y=68, z=-1236}, status: minecraft:features, currently generating: ResourceKey[minecraft:worldgen/placed_feature / ancient_elements:end_spire_feature]
[11May2025 06:19:19.703] [Worker-Main-38/ERROR] [net.minecraft.Util/]: Detected setBlock in a far chunk [250, -79], pos: BlockPos{x=4015, y=69, z=-1252}, status: minecraft:features, currently generating: ResourceKey[minecraft:worldgen/placed_feature / ancient_elements:end_spire_feature]
[11May2025 06:19:19.703] [Worker-Main-38/ERROR] [net.minecraft.Util/]: Detected setBlock in a far chunk [250, -79], pos: BlockPos{x=4015, y=69, z=-1251}, status: minecraft:features, currently generating: ResourceKey[minecraft:worldgen/placed_feature / ancient_elements:end_spire_feature]
[11May2025 06:19:19.704] [Worker-Main-38/ERROR] [net.minecraft.Util/]: Detected setBlock in a far chunk [250, -79], pos: BlockPos{x=4015, y=69, z=-1250}, status: minecraft:features, currently generating: ResourceKey[minecraft:worldgen/placed_feature / ancient_elements:end_spire_feature]
[11May2025 06:19:19.704] [Worker-Main-38/ERROR] [net.minecraft.Util/]: Detected setBlock in a far chunk [250, -79], pos: BlockPos{x=4015, y=69, z=-1249}, status: minecraft:features, currently generating: ResourceKey[minecraft:worldgen/placed_feature / ancient_elements:end_spire_feature]
[11May2025 06:19:19.705] [Worker-Main-38/ERROR] [net.minecraft.Util/]: Detected setBlock in a far chunk [250, -78], pos: BlockPos{x=4015, y=69, z=-1248}, status: minecraft:features, currently generating: ResourceKey[minecraft:worldgen/placed_feature / ancient_elements:end_spire_feature]
[11May2025 06:19:19.705] [Worker-Main-38/ERROR] [net.minecraft.Util/]: Detected setBlock in a far chunk [250, -78], pos: BlockPos{x=4015, y=69, z=-1244}, status: minecraft:features, currently generating: ResourceKey[minecraft:worldgen/placed_feature / ancient_elements:end_spire_feature]
[11May2025 06:19:19.705] [Worker-Main-38/ERROR] [net.minecraft.Util/]: Detected setBlock in a far chunk [250, -78], pos: BlockPos{x=4015, y=69, z=-1243}, status: minecraft:features, currently generating: ResourceKey[minecraft:worldgen/placed_feature / ancient_elements:end_spire_feature]
[11May2025 06:19:19.706] [Worker-Main-38/ERROR] [net.minecraft.Util/]: Detected setBlock in a far chunk [250, -78], pos: BlockPos{x=4015, y=69, z=-1242}, status: minecraft:features, currently generating: ResourceKey[minecraft:worldgen/placed_feature / ancient_elements:end_spire_feature]
[11May2025 06:19:19.706] [Worker-Main-38/ERROR] [net.minecraft.Util/]: Detected setBlock in a far chunk [250, -78], pos: BlockPos{x=4015, y=69, z=-1241}, status: minecraft:features, currently generating: ResourceKey[minecraft:worldgen/placed_feature / ancient_elements:end_spire_feature]
[11May2025 06:19:19.706] [Worker-Main-38/ERROR] [net.minecraft.Util/]: Detected setBlock in a far chunk [250, -78], pos: BlockPos{x=4015, y=69, z=-1240}, status: minecraft:features, currently generating: ResourceKey[minecraft:worldgen/placed_feature / ancient_elements:end_spire_feature]
[11May2025 06:19:19.707] [Worker-Main-38/ERROR] [net.minecraft.Util/]: Detected setBlock in a far chunk [250, -78], pos: BlockPos{x=4015, y=69, z=-1239}, status: minecraft:features, currently generating: ResourceKey[minecraft:worldgen/placed_feature / ancient_elements:end_spire_feature]
[11May2025 06:19:19.707] [Worker-Main-38/ERROR] [net.minecraft.Util/]: Detected setBlock in a far chunk [250, -78], pos: BlockPos{x=4015, y=69, z=-1238}, status: minecraft:features, currently generating: ResourceKey[minecraft:worldgen/placed_feature / ancient_elements:end_spire_feature]
[11May2025 06:19:19.708] [Worker-Main-38/ERROR] [net.minecraft.Util/]: Detected setBlock in a far chunk [250, -78], pos: BlockPos{x=4015, y=69, z=-1237}, status: minecraft:features, currently generating: ResourceKey[minecraft:worldgen/placed_feature / ancient_elements:end_spire_feature]
[11May2025 06:19:19.708] [Worker-Main-38/ERROR] [net.minecraft.Util/]: Detected setBlock in a far chunk [250, -78], pos: BlockPos{x=4015, y=69, z=-1236}, status: minecraft:features, currently generating: ResourceKey[minecraft:worldgen/placed_feature / ancient_elements:end_spire_feature]
[11May2025 06:19:19.710] [Worker-Main-38/ERROR] [net.minecraft.Util/]: Detected setBlock in a far chunk [250, -79], pos: BlockPos{x=4015, y=70, z=-1252}, status: minecraft:features, currently generating: ResourceKey[minecraft:worldgen/placed_feature / ancient_elements:end_spire_feature]
[11May2025 06:19:19.710] [Worker-Main-38/ERROR] [net.minecraft.Util/]: Detected setBlock in a far chunk [250, -79], pos: BlockPos{x=4015, y=70, z=-1251}, status: minecraft:features, currently generating: ResourceKey[minecraft:worldgen/placed_feature / ancient_elements:end_spire_feature]
[11May2025 06:19:19.710] [Worker-Main-38/ERROR] [net.minecraft.Util/]: Detected setBlock in a far chunk [250, -79], pos: BlockPos{x=4015, y=70, z=-1250}, status: minecraft:features, currently generating: ResourceKey[minecraft:worldgen/placed_feature / ancient_elements:end_spire_feature]
[11May2025 06:19:19.711] [Worker-Main-38/ERROR] [net.minecraft.Util/]: Detected setBlock in a far chunk [250, -79], pos: BlockPos{x=4015, y=70, z=-1249}, status: minecraft:features, currently generating: ResourceKey[minecraft:worldgen/placed_feature / ancient_elements:end_spire_feature]
[11May2025 06:19:19.711] [Worker-Main-38/ERROR] [net.minecraft.Util/]: Detected setBlock in a far chunk [250, -78], pos: BlockPos{x=4015, y=70, z=-1248}, status: minecraft:features, currently generating: ResourceKey[minecraft:worldgen/placed_feature / ancient_elements:end_spire_feature]
[11May2025 06:19:19.712] [Worker-Main-38/ERROR] [net.minecraft.Util/]: Detected setBlock in a far chunk [250, -78], pos: BlockPos{x=4015, y=70, z=-1247}, status: minecraft:features, currently generating: ResourceKey[minecraft:worldgen/placed_feature / ancient_elements:end_spire_feature]
[11May2025 06:19:19.714] [Worker-Main-38/ERROR] [net.minecraft.Util/]: Detected setBlock in a far chunk [250, -78], pos: BlockPos{x=4015, y=70, z=-1244}, status: minecraft:features, currently generating: ResourceKey[minecraft:worldgen/placed_feature / ancient_elements:end_spire_feature]
[11May2025 06:19:19.714] [Worker-Main-38/ERROR] [net.minecraft.Util/]: Detected setBlock in a far chunk [250, -78], pos: BlockPos{x=4015, y=70, z=-1243}, status: minecraft:features, currently generating: ResourceKey[minecraft:worldgen/placed_feature / ancient_elements:end_spire_feature]
[11May2025 06:19:19.715] [Worker-Main-38/ERROR] [net.minecraft.Util/]: Detected setBlock in a far chunk [250, -78], pos: BlockPos{x=4015, y=70, z=-1242}, status: minecraft:features, currently generating: ResourceKey[minecraft:worldgen/placed_feature / ancient_elements:end_spire_feature]
[11May2025 06:19:19.715] [Worker-Main-38/ERROR] [net.minecraft.Util/]: Detected setBlock in a far chunk [250, -78], pos: BlockPos{x=4015, y=70, z=-1241}, status: minecraft:features, currently generating: ResourceKey[minecraft:worldgen/placed_feature / ancient_elements:end_spire_feature]
[11May2025 06:19:19.716] [Worker-Main-38/ERROR] [net.minecraft.Util/]: Detected setBlock in a far chunk [250, -78], pos: BlockPos{x=4015, y=70, z=-1240}, status: minecraft:features, currently generating: ResourceKey[minecraft:worldgen/placed_feature / ancient_elements:end_spire_feature]
[11May2025 06:19:19.716] [Worker-Main-38/ERROR] [net.minecraft.Util/]: Detected setBlock in a far chunk [250, -78], pos: BlockPos{x=4015, y=70, z=-1239}, status: minecraft:features, currently generating: ResourceKey[minecraft:worldgen/placed_feature / ancient_elements:end_spire_feature]
[11May2025 06:19:19.717] [Worker-Main-38/ERROR] [net.minecraft.Util/]: Detected setBlock in a far chunk [250, -78], pos: BlockPos{x=4015, y=70, z=-1238}, status: minecraft:features, currently generating: ResourceKey[minecraft:worldgen/placed_feature / ancient_elements:end_spire_feature]
[11May2025 06:19:19.718] [Worker-Main-38/ERROR] [net.minecraft.Util/]: Detected setBlock in a far chunk [250, -78], pos: BlockPos{x=4015, y=70, z=-1237}, status: minecraft:features, currently generating: ResourceKey[minecraft:worldgen/placed_feature / ancient_elements:end_spire_feature]
[11May2025 06:19:19.719] [Worker-Main-38/ERROR] [net.minecraft.Util/]: Detected setBlock in a far chunk [250, -78], pos: BlockPos{x=4015, y=70, z=-1236}, status: minecraft:features, currently generating: ResourceKey[minecraft:worldgen/placed_feature / ancient_elements:end_spire_feature]
[11May2025 06:19:19.720] [Worker-Main-38/ERROR] [net.minecraft.Util/]: Detected setBlock in a far chunk [250, -79], pos: BlockPos{x=4015, y=71, z=-1252}, status: minecraft:features, currently generating: ResourceKey[minecraft:worldgen/placed_feature / ancient_elements:end_spire_feature]
[11May2025 06:19:19.721] [Worker-Main-38/ERROR] [net.minecraft.Util/]: Detected setBlock in a far chunk [250, -79], pos: BlockPos{x=4015, y=71, z=-1251}, status: minecraft:features, currently generating: ResourceKey[minecraft:worldgen/placed_feature / ancient_elements:end_spire_feature]
[11May2025 06:19:19.721] [Worker-Main-38/ERROR] [net.minecraft.Util/]: Detected setBlock in a far chunk [250, -79], pos: BlockPos{x=4015, y=71, z=-1250}, status: minecraft:features, currently generating: ResourceKey[minecraft:worldgen/placed_feature / ancient_elements:end_spire_feature]
[11May2025 06:19:19.722] [Worker-Main-38/ERROR] [net.minecraft.Util/]: Detected setBlock in a far chunk [250, -79], pos: BlockPos{x=4015, y=71, z=-1249}, status: minecraft:features, currently generating: ResourceKey[minecraft:worldgen/placed_feature / ancient_elements:end_spire_feature]
[11May2025 06:19:19.722] [Worker-Main-38/ERROR] [net.minecraft.Util/]: Detected setBlock in a far chunk [250, -78], pos: BlockPos{x=4015, y=71, z=-1248}, status: minecraft:features, currently generating: ResourceKey[minecraft:worldgen/placed_feature / ancient_elements:end_spire_feature]
[11May2025 06:19:19.723] [Worker-Main-38/ERROR] [net.minecraft.Util/]: Detected setBlock in a far chunk [250, -78], pos: BlockPos{x=4015, y=71, z=-1247}, status: minecraft:features, currently generating: ResourceKey[minecraft:worldgen/placed_feature / ancient_elements:end_spire_feature]
[11May2025 06:19:19.723] [Worker-Main-38/ERROR] [net.minecraft.Util/]: Detected setBlock in a far chunk [250, -78], pos: BlockPos{x=4015, y=71, z=-1246}, status: minecraft:features, currently generating: ResourceKey[minecraft:worldgen/placed_feature / ancient_elements:end_spire_feature]
[11May2025 06:19:19.723] [Worker-Main-38/ERROR] [net.minecraft.Util/]: Detected setBlock in a far chunk [250, -78], pos: BlockPos{x=4015, y=71, z=-1243}, status: minecraft:features, currently generating: ResourceKey[minecraft:worldgen/placed_feature / ancient_elements:end_spire_feature]
[11May2025 06:19:19.723] [Worker-Main-38/ERROR] [net.minecraft.Util/]: Detected setBlock in a far chunk [250, -78], pos: BlockPos{x=4015, y=71, z=-1242}, status: minecraft:features, currently generating: ResourceKey[minecraft:worldgen/placed_feature / ancient_elements:end_spire_feature]
[11May2025 06:19:19.723] [Worker-Main-38/ERROR] [net.minecraft.Util/]: Detected setBlock in a far chunk [250, -78], pos: BlockPos{x=4015, y=71, z=-1241}, status: minecraft:features, currently generating: ResourceKey[minecraft:worldgen/placed_feature / ancient_elements:end_spire_feature]
[11May2025 06:19:19.723] [Worker-Main-38/ERROR] [net.minecraft.Util/]: Detected setBlock in a far chunk [250, -78], pos: BlockPos{x=4015, y=71, z=-1240}, status: minecraft:features, currently generating: ResourceKey[minecraft:worldgen/placed_feature / ancient_elements:end_spire_feature]
[11May2025 06:19:19.724] [Worker-Main-38/ERROR] [net.minecraft.Util/]: Detected setBlock in a far chunk [250, -78], pos: BlockPos{x=4015, y=71, z=-1239}, status: minecraft:features, currently generating: ResourceKey[minecraft:worldgen/placed_feature / ancient_elements:end_spire_feature]
[11May2025 06:19:19.724] [Worker-Main-38/ERROR] [net.minecraft.Util/]: Detected setBlock in a far chunk [250, -78], pos: BlockPos{x=4015, y=71, z=-1238}, status: minecraft:features, currently generating: ResourceKey[minecraft:worldgen/placed_feature / ancient_elements:end_spire_feature]
[11May2025 06:19:19.724] [Worker-Main-38/ERROR] [net.minecraft.Util/]: Detected setBlock in a far chunk [250, -78], pos: BlockPos{x=4015, y=71, z=-1237}, status: minecraft:features, currently generating: ResourceKey[minecraft:worldgen/placed_feature / ancient_elements:end_spire_feature]
[11May2025 06:19:19.724] [Worker-Main-38/ERROR] [net.minecraft.Util/]: Detected setBlock in a far chunk [250, -78], pos: BlockPos{x=4015, y=71, z=-1236}, status: minecraft:features, currently generating: ResourceKey[minecraft:worldgen/placed_feature / ancient_elements:end_spire_feature]
[11May2025 06:19:19.729] [Worker-Main-38/ERROR] [net.minecraft.Util/]: Detected setBlock in a far chunk [250, -79], pos: BlockPos{x=4015, y=72, z=-1252}, status: minecraft:features, currently generating: ResourceKey[minecraft:worldgen/placed_feature / ancient_elements:end_spire_feature]
[11May2025 06:19:19.730] [Worker-Main-38/ERROR] [net.minecraft.Util/]: Detected setBlock in a far chunk [250, -79], pos: BlockPos{x=4015, y=72, z=-1251}, status: minecraft:features, currently generating: ResourceKey[minecraft:worldgen/placed_feature / ancient_elements:end_spire_feature]
[11May2025 06:19:19.730] [Worker-Main-38/ERROR] [net.minecraft.Util/]: Detected setBlock in a far chunk [250, -79], pos: BlockPos{x=4015, y=72, z=-1250}, status: minecraft:features, currently generating: ResourceKey[minecraft:worldgen/placed_feature / ancient_elements:end_spire_feature]
[11May2025 06:19:19.730] [Worker-Main-38/ERROR] [net.minecraft.Util/]: Detected setBlock in a far chunk [250, -79], pos: BlockPos{x=4015, y=72, z=-1249}, status: minecraft:features, currently generating: ResourceKey[minecraft:worldgen/placed_feature / ancient_elements:end_spire_feature]
[11May2025 06:19:19.730] [Worker-Main-38/ERROR] [net.minecraft.Util/]: Detected setBlock in a far chunk [250, -78], pos: BlockPos{x=4015, y=72, z=-1248}, status: minecraft:features, currently generating: ResourceKey[minecraft:worldgen/placed_feature / ancient_elements:end_spire_feature]
[11May2025 06:19:19.731] [Worker-Main-38/ERROR] [net.minecraft.Util/]: Detected setBlock in a far chunk [250, -78], pos: BlockPos{x=4015, y=72, z=-1247}, status: minecraft:features, currently generating: ResourceKey[minecraft:worldgen/placed_feature / ancient_elements:end_spire_feature]
[11May2025 06:19:19.731] [Worker-Main-38/ERROR] [net.minecraft.Util/]: Detected setBlock in a far chunk [250, -78], pos: BlockPos{x=4015, y=72, z=-1246}, status: minecraft:features, currently generating: ResourceKey[minecraft:worldgen/placed_feature / ancient_elements:end_spire_feature]
[11May2025 06:19:19.731] [Worker-Main-38/ERROR] [net.minecraft.Util/]: Detected setBlock in a far chunk [250, -78], pos: BlockPos{x=4015, y=72, z=-1245}, status: minecraft:features, currently generating: ResourceKey[minecraft:worldgen/placed_feature / ancient_elements:end_spire_feature]
[11May2025 06:19:19.731] [Worker-Main-38/ERROR] [net.minecraft.Util/]: Detected setBlock in a far chunk [250, -78], pos: BlockPos{x=4015, y=72, z=-1241}, status: minecraft:features, currently generating: ResourceKey[minecraft:worldgen/placed_feature / ancient_elements:end_spire_feature]
[11May2025 06:19:19.732] [Worker-Main-38/ERROR] [net.minecraft.Util/]: Detected setBlock in a far chunk [250, -78], pos: BlockPos{x=4015, y=72, z=-1240}, status: minecraft:features, currently generating: ResourceKey[minecraft:worldgen/placed_feature / ancient_elements:end_spire_feature]
[11May2025 06:19:19.732] [Worker-Main-38/ERROR] [net.minecraft.Util/]: Detected setBlock in a far chunk [250, -78], pos: BlockPos{x=4015, y=72, z=-1239}, status: minecraft:features, currently generating: ResourceKey[minecraft:worldgen/placed_feature / ancient_elements:end_spire_feature]
[11May2025 06:19:19.732] [Worker-Main-38/ERROR] [net.minecraft.Util/]: Detected setBlock in a far chunk [250, -78], pos: BlockPos{x=4015, y=72, z=-1238}, status: minecraft:features, currently generating: ResourceKey[minecraft:worldgen/placed_feature / ancient_elements:end_spire_feature]
[11May2025 06:19:19.732] [Worker-Main-38/ERROR] [net.minecraft.Util/]: Detected setBlock in a far chunk [250, -78], pos: BlockPos{x=4015, y=72, z=-1237}, status: minecraft:features, currently generating: ResourceKey[minecraft:worldgen/placed_feature / ancient_elements:end_spire_feature]
[11May2025 06:19:19.733] [Worker-Main-38/ERROR] [net.minecraft.Util/]: Detected setBlock in a far chunk [250, -78], pos: BlockPos{x=4015, y=72, z=-1236}, status: minecraft:features, currently generating: ResourceKey[minecraft:worldgen/placed_feature / ancient_elements:end_spire_feature]
[11May2025 06:19:19.733] [Worker-Main-38/ERROR] [net.minecraft.Util/]: Detected setBlock in a far chunk [250, -79], pos: BlockPos{x=4015, y=73, z=-1252}, status: minecraft:features, currently generating: ResourceKey[minecraft:worldgen/placed_feature / ancient_elements:end_spire_feature]
[11May2025 06:19:19.734] [Worker-Main-38/ERROR] [net.minecraft.Util/]: Detected setBlock in a far chunk [250, -79], pos: BlockPos{x=4015, y=73, z=-1251}, status: minecraft:features, currently generating: ResourceKey[minecraft:worldgen/placed_feature / ancient_elements:end_spire_feature]
[11May2025 06:19:19.734] [Worker-Main-38/ERROR] [net.minecraft.Util/]: Detected setBlock in a far chunk [250, -79], pos: BlockPos{x=4015, y=73, z=-1250}, status: minecraft:features, currently generating: ResourceKey[minecraft:worldgen/placed_feature / ancient_elements:end_spire_feature]
[11May2025 06:19:19.734] [Worker-Main-38/ERROR] [net.minecraft.Util/]: Detected setBlock in a far chunk [250, -79], pos: BlockPos{x=4015, y=73, z=-1249}, status: minecraft:features, currently generating: ResourceKey[minecraft:worldgen/placed_feature / ancient_elements:end_spire_feature]
[11May2025 06:19:19.734] [Worker-Main-38/ERROR] [net.minecraft.Util/]: Detected setBlock in a far chunk [250, -78], pos: BlockPos{x=4015, y=73, z=-1248}, status: minecraft:features, currently generating: ResourceKey[minecraft:worldgen/placed_feature / ancient_elements:end_spire_feature]
[11May2025 06:19:19.735] [Worker-Main-38/ERROR] [net.minecraft.Util/]: Detected setBlock in a far chunk [250, -78], pos: BlockPos{x=4015, y=73, z=-1247}, status: minecraft:features, currently generating: ResourceKey[minecraft:worldgen/placed_feature / ancient_elements:end_spire_feature]
[11May2025 06:19:19.735] [Worker-Main-38/ERROR] [net.minecraft.Util/]: Detected setBlock in a far chunk [250, -78], pos: BlockPos{x=4015, y=73, z=-1246}, status: minecraft:features, currently generating: ResourceKey[minecraft:worldgen/placed_feature / ancient_elements:end_spire_feature]
[11May2025 06:19:19.735] [Worker-Main-38/ERROR] [net.minecraft.Util/]: Detected setBlock in a far chunk [250, -78], pos: BlockPos{x=4015, y=73, z=-1245}, status: minecraft:features, currently generating: ResourceKey[minecraft:worldgen/placed_feature / ancient_elements:end_spire_feature]
[11May2025 06:19:19.735] [Worker-Main-38/ERROR] [net.minecraft.Util/]: Detected setBlock in a far chunk [250, -78], pos: BlockPos{x=4015, y=73, z=-1244}, status: minecraft:features, currently generating: ResourceKey[minecraft:worldgen/placed_feature / ancient_elements:end_spire_feature]
[11May2025 06:19:19.735] [Worker-Main-38/ERROR] [net.minecraft.Util/]: Detected setBlock in a far chunk [250, -78], pos: BlockPos{x=4015, y=73, z=-1243}, status: minecraft:features, currently generating: ResourceKey[minecraft:worldgen/placed_feature / ancient_elements:end_spire_feature]
[11May2025 06:19:19.736] [Worker-Main-38/ERROR] [net.minecraft.Util/]: Detected setBlock in a far chunk [250, -78], pos: BlockPos{x=4015, y=73, z=-1241}, status: minecraft:features, currently generating: ResourceKey[minecraft:worldgen/placed_feature / ancient_elements:end_spire_feature]
[11May2025 06:19:19.736] [Worker-Main-38/ERROR] [net.minecraft.Util/]: Detected setBlock in a far chunk [250, -78], pos: BlockPos{x=4015, y=73, z=-1240}, status: minecraft:features, currently generating: ResourceKey[minecraft:worldgen/placed_feature / ancient_elements:end_spire_feature]
[11May2025 06:19:19.736] [Worker-Main-38/ERROR] [net.minecraft.Util/]: Detected setBlock in a far chunk [250, -78], pos: BlockPos{x=4015, y=73, z=-1239}, status: minecraft:features, currently generating: ResourceKey[minecraft:worldgen/placed_feature / ancient_elements:end_spire_feature]
[11May2025 06:19:19.736] [Worker-Main-38/ERROR] [net.minecraft.Util/]: Detected setBlock in a far chunk [250, -78], pos: BlockPos{x=4015, y=73, z=-1238}, status: minecraft:features, currently generating: ResourceKey[minecraft:worldgen/placed_feature / ancient_elements:end_spire_feature]
[11May2025 06:19:19.737] [Worker-Main-38/ERROR] [net.minecraft.Util/]: Detected setBlock in a far chunk [250, -78], pos: BlockPos{x=4015, y=73, z=-1237}, status: minecraft:features, currently generating: ResourceKey[minecraft:worldgen/placed_feature / ancient_elements:end_spire_feature]
[11May2025 06:19:19.737] [Worker-Main-38/ERROR] [net.minecraft.Util/]: Detected setBlock in a far chunk [250, -78], pos: BlockPos{x=4015, y=73, z=-1236}, status: minecraft:features, currently generating: ResourceKey[minecraft:worldgen/placed_feature / ancient_elements:end_spire_feature]
[11May2025 06:19:19.738] [Worker-Main-38/ERROR] [net.minecraft.Util/]: Detected setBlock in a far chunk [250, -79], pos: BlockPos{x=4015, y=74, z=-1252}, status: minecraft:features, currently generating: ResourceKey[minecraft:worldgen/placed_feature / ancient_elements:end_spire_feature]
[11May2025 06:19:19.738] [Worker-Main-38/ERROR] [net.minecraft.Util/]: Detected setBlock in a far chunk [250, -79], pos: BlockPos{x=4015, y=74, z=-1251}, status: minecraft:features, currently generating: ResourceKey[minecraft:worldgen/placed_feature / ancient_elements:end_spire_feature]
[11May2025 06:19:19.738] [Worker-Main-38/ERROR] [net.minecraft.Util/]: Detected setBlock in a far chunk [250, -79], pos: BlockPos{x=4015, y=74, z=-1250}, status: minecraft:features, currently generating: ResourceKey[minecraft:worldgen/placed_feature / ancient_elements:end_spire_feature]
[11May2025 06:19:19.738] [Worker-Main-38/ERROR] [net.minecraft.Util/]: Detected setBlock in a far chunk [250, -79], pos: BlockPos{x=4015, y=74, z=-1249}, status: minecraft:features, currently generating: ResourceKey[minecraft:worldgen/placed_feature / ancient_elements:end_spire_feature]
[11May2025 06:19:19.738] [Worker-Main-38/ERROR] [net.minecraft.Util/]: Detected setBlock in a far chunk [250, -78], pos: BlockPos{x=4015, y=74, z=-1248}, status: minecraft:features, currently generating: ResourceKey[minecraft:worldgen/placed_feature / ancient_elements:end_spire_feature]
[11May2025 06:19:19.739] [Worker-Main-38/ERROR] [net.minecraft.Util/]: Detected setBlock in a far chunk [250, -78], pos: BlockPos{x=4015, y=74, z=-1247}, status: minecraft:features, currently generating: ResourceKey[minecraft:worldgen/placed_feature / ancient_elements:end_spire_feature]
[11May2025 06:19:19.739] [Worker-Main-38/ERROR] [net.minecraft.Util/]: Detected setBlock in a far chunk [250, -78], pos: BlockPos{x=4015, y=74, z=-1246}, status: minecraft:features, currently generating: ResourceKey[minecraft:worldgen/placed_feature / ancient_elements:end_spire_feature]
[11May2025 06:19:19.739] [Worker-Main-38/ERROR] [net.minecraft.Util/]: Detected setBlock in a far chunk [250, -78], pos: BlockPos{x=4015, y=74, z=-1245}, status: minecraft:features, currently generating: ResourceKey[minecraft:worldgen/placed_feature / ancient_elements:end_spire_feature]
[11May2025 06:19:19.739] [Worker-Main-38/ERROR] [net.minecraft.Util/]: Detected setBlock in a far chunk [250, -78], pos: BlockPos{x=4015, y=74, z=-1244}, status: minecraft:features, currently generating: ResourceKey[minecraft:worldgen/placed_feature / ancient_elements:end_spire_feature]
[11May2025 06:19:19.740] [Worker-Main-38/ERROR] [net.minecraft.Util/]: Detected setBlock in a far chunk [250, -78], pos: BlockPos{x=4015, y=74, z=-1243}, status: minecraft:features, currently generating: ResourceKey[minecraft:worldgen/placed_feature / ancient_elements:end_spire_feature]
[11May2025 06:19:19.740] [Worker-Main-38/ERROR] [net.minecraft.Util/]: Detected setBlock in a far chunk [250, -78], pos: BlockPos{x=4015, y=74, z=-1242}, status: minecraft:features, currently generating: ResourceKey[minecraft:worldgen/placed_feature / ancient_elements:end_spire_feature]
[11May2025 06:19:19.740] [Worker-Main-38/ERROR] [net.minecraft.Util/]: Detected setBlock in a far chunk [250, -78], pos: BlockPos{x=4015, y=74, z=-1241}, status: minecraft:features, currently generating: ResourceKey[minecraft:worldgen/placed_feature / ancient_elements:end_spire_feature]
[11May2025 06:19:19.740] [Worker-Main-38/ERROR] [net.minecraft.Util/]: Detected setBlock in a far chunk [250, -78], pos: BlockPos{x=4015, y=74, z=-1240}, status: minecraft:features, currently generating: ResourceKey[minecraft:worldgen/placed_feature / ancient_elements:end_spire_feature]
[11May2025 06:19:19.740] [Worker-Main-38/ERROR] [net.minecraft.Util/]: Detected setBlock in a far chunk [250, -78], pos: BlockPos{x=4015, y=74, z=-1239}, status: minecraft:features, currently generating: ResourceKey[minecraft:worldgen/placed_feature / ancient_elements:end_spire_feature]
[11May2025 06:19:19.741] [Worker-Main-38/ERROR] [net.minecraft.Util/]: Detected setBlock in a far chunk [250, -78], pos: BlockPos{x=4015, y=74, z=-1238}, status: minecraft:features, currently generating: ResourceKey[minecraft:worldgen/placed_feature / ancient_elements:end_spire_feature]
[11May2025 06:19:19.741] [Worker-Main-38/ERROR] [net.minecraft.Util/]: Detected setBlock in a far chunk [250, -78], pos: BlockPos{x=4015, y=74, z=-1237}, status: minecraft:features, currently generating: ResourceKey[minecraft:worldgen/placed_feature / ancient_elements:end_spire_feature]
[11May2025 06:19:19.742] [Worker-Main-38/ERROR] [net.minecraft.Util/]: Detected setBlock in a far chunk [250, -78], pos: BlockPos{x=4015, y=74, z=-1236}, status: minecraft:features, currently generating: ResourceKey[minecraft:worldgen/placed_feature / ancient_elements:end_spire_feature]
[11May2025 06:19:19.742] [Worker-Main-38/ERROR] [net.minecraft.Util/]: Detected setBlock in a far chunk [250, -79], pos: BlockPos{x=4015, y=75, z=-1252}, status: minecraft:features, currently generating: ResourceKey[minecraft:worldgen/placed_feature / ancient_elements:end_spire_feature]
[11May2025 06:19:19.743] [Worker-Main-38/ERROR] [net.minecraft.Util/]: Detected setBlock in a far chunk [250, -79], pos: BlockPos{x=4015, y=75, z=-1251}, status: minecraft:features, currently generating: ResourceKey[minecraft:worldgen/placed_feature / ancient_elements:end_spire_feature]
[11May2025 06:19:19.743] [Worker-Main-38/ERROR] [net.minecraft.Util/]: Detected setBlock in a far chunk [250, -79], pos: BlockPos{x=4015, y=75, z=-1250}, status: minecraft:features, currently generating: ResourceKey[minecraft:worldgen/placed_feature / ancient_elements:end_spire_feature]
[11May2025 06:19:19.743] [Worker-Main-38/ERROR] [net.minecraft.Util/]: Detected setBlock in a far chunk [250, -79], pos: BlockPos{x=4015, y=75, z=-1249}, status: minecraft:features, currently generating: ResourceKey[minecraft:worldgen/placed_feature / ancient_elements:end_spire_feature]
[11May2025 06:19:19.743] [Worker-Main-38/ERROR] [net.minecraft.Util/]: Detected setBlock in a far chunk [250, -78], pos: BlockPos{x=4015, y=75, z=-1248}, status: minecraft:features, currently generating: ResourceKey[minecraft:worldgen/placed_feature / ancient_elements:end_spire_feature]
[11May2025 06:19:19.744] [Worker-Main-38/ERROR] [net.minecraft.Util/]: Detected setBlock in a far chunk [250, -78], pos: BlockPos{x=4015, y=75, z=-1247}, status: minecraft:features, currently generating: ResourceKey[minecraft:worldgen/placed_feature / ancient_elements:end_spire_feature]
[11May2025 06:19:19.744] [Worker-Main-38/ERROR] [net.minecraft.Util/]: Detected setBlock in a far chunk [250, -78], pos: BlockPos{x=4015, y=75, z=-1246}, status: minecraft:features, currently generating: ResourceKey[minecraft:worldgen/placed_feature / ancient_elements:end_spire_feature]
[11May2025 06:19:19.744] [Worker-Main-38/ERROR] [net.minecraft.Util/]: Detected setBlock in a far chunk [250, -78], pos: BlockPos{x=4015, y=75, z=-1245}, status: minecraft:features, currently generating: ResourceKey[minecraft:worldgen/placed_feature / ancient_elements:end_spire_feature]
[11May2025 06:19:19.744] [Worker-Main-38/ERROR] [net.minecraft.Util/]: Detected setBlock in a far chunk [250, -78], pos: BlockPos{x=4015, y=75, z=-1244}, status: minecraft:features, currently generating: ResourceKey[minecraft:worldgen/placed_feature / ancient_elements:end_spire_feature]
[11May2025 06:19:19.744] [Worker-Main-38/ERROR] [net.minecraft.Util/]: Detected setBlock in a far chunk [250, -78], pos: BlockPos{x=4015, y=75, z=-1243}, status: minecraft:features, currently generating: ResourceKey[minecraft:worldgen/placed_feature / ancient_elements:end_spire_feature]
[11May2025 06:19:19.745] [Worker-Main-38/ERROR] [net.minecraft.Util/]: Detected setBlock in a far chunk [250, -78], pos: BlockPos{x=4015, y=75, z=-1242}, status: minecraft:features, currently generating: ResourceKey[minecraft:worldgen/placed_feature / ancient_elements:end_spire_feature]
[11May2025 06:19:19.745] [Worker-Main-38/ERROR] [net.minecraft.Util/]: Detected setBlock in a far chunk [250, -78], pos: BlockPos{x=4015, y=75, z=-1241}, status: minecraft:features, currently generating: ResourceKey[minecraft:worldgen/placed_feature / ancient_elements:end_spire_feature]
[11May2025 06:19:19.746] [Worker-Main-38/ERROR] [net.minecraft.Util/]: Detected setBlock in a far chunk [250, -78], pos: BlockPos{x=4015, y=75, z=-1240}, status: minecraft:features, currently generating: ResourceKey[minecraft:worldgen/placed_feature / ancient_elements:end_spire_feature]
[11May2025 06:19:19.746] [Worker-Main-38/ERROR] [net.minecraft.Util/]: Detected setBlock in a far chunk [250, -78], pos: BlockPos{x=4015, y=75, z=-1239}, status: minecraft:features, currently generating: ResourceKey[minecraft:worldgen/placed_feature / ancient_elements:end_spire_feature]
[11May2025 06:19:19.746] [Worker-Main-38/ERROR] [net.minecraft.Util/]: Detected setBlock in a far chunk [250, -78], pos: BlockPos{x=4015, y=75, z=-1238}, status: minecraft:features, currently generating: ResourceKey[minecraft:worldgen/placed_feature / ancient_elements:end_spire_feature]
[11May2025 06:19:19.746] [Worker-Main-38/ERROR] [net.minecraft.Util/]: Detected setBlock in a far chunk [250, -78], pos: BlockPos{x=4015, y=75, z=-1237}, status: minecraft:features, currently generating: ResourceKey[minecraft:worldgen/placed_feature / ancient_elements:end_spire_feature]
[11May2025 06:19:19.746] [Worker-Main-38/ERROR] [net.minecraft.Util/]: Detected setBlock in a far chunk [250, -78], pos: BlockPos{x=4015, y=75, z=-1236}, status: minecraft:features, currently generating: ResourceKey[minecraft:worldgen/placed_feature / ancient_elements:end_spire_feature]
[11May2025 06:19:19.746] [Worker-Main-38/ERROR] [net.minecraft.Util/]: Detected setBlock in a far chunk [250, -79], pos: BlockPos{x=4015, y=76, z=-1252}, status: minecraft:features, currently generating: ResourceKey[minecraft:worldgen/placed_feature / ancient_elements:end_spire_feature]
[11May2025 06:19:19.747] [Worker-Main-38/ERROR] [net.minecraft.Util/]: Detected setBlock in a far chunk [250, -79], pos: BlockPos{x=4015, y=76, z=-1251}, status: minecraft:features, currently generating: ResourceKey[minecraft:worldgen/placed_feature / ancient_elements:end_spire_feature]
[11May2025 06:19:19.747] [Worker-Main-38/ERROR] [net.minecraft.Util/]: Detected setBlock in a far chunk [250, -79], pos: BlockPos{x=4015, y=76, z=-1250}, status: minecraft:features, currently generating: ResourceKey[minecraft:worldgen/placed_feature / ancient_elements:end_spire_feature]
[11May2025 06:19:19.747] [Worker-Main-38/ERROR] [net.minecraft.Util/]: Detected setBlock in a far chunk [250, -79], pos: BlockPos{x=4015, y=76, z=-1249}, status: minecraft:features, currently generating: ResourceKey[minecraft:worldgen/placed_feature / ancient_elements:end_spire_feature]
[11May2025 06:19:19.747] [Worker-Main-38/ERROR] [net.minecraft.Util/]: Detected setBlock in a far chunk [250, -78], pos: BlockPos{x=4015, y=76, z=-1248}, status: minecraft:features, currently generating: ResourceKey[minecraft:worldgen/placed_feature / ancient_elements:end_spire_feature]
[11May2025 06:19:19.747] [Worker-Main-38/ERROR] [net.minecraft.Util/]: Detected setBlock in a far chunk [250, -78], pos: BlockPos{x=4015, y=76, z=-1247}, status: minecraft:features, currently generating: ResourceKey[minecraft:worldgen/placed_feature / ancient_elements:end_spire_feature]
[11May2025 06:19:19.747] [Worker-Main-38/ERROR] [net.minecraft.Util/]: Detected setBlock in a far chunk [250, -78], pos: BlockPos{x=4015, y=76, z=-1246}, status: minecraft:features, currently generating: ResourceKey[minecraft:worldgen/placed_feature / ancient_elements:end_spire_feature]
[11May2025 06:19:19.747] [Worker-Main-38/ERROR] [net.minecraft.Util/]: Detected setBlock in a far chunk [250, -78], pos: BlockPos{x=4015, y=76, z=-1245}, status: minecraft:features, currently generating: ResourceKey[minecraft:worldgen/placed_feature / ancient_elements:end_spire_feature]
[11May2025 06:19:19.748] [Worker-Main-38/ERROR] [net.minecraft.Util/]: Detected setBlock in a far chunk [250, -78], pos: BlockPos{x=4015, y=76, z=-1244}, status: minecraft:features, currently generating: ResourceKey[minecraft:worldgen/placed_feature / ancient_elements:end_spire_feature]
[11May2025 06:19:19.748] [Worker-Main-38/ERROR] [net.minecraft.Util/]: Detected setBlock in a far chunk [250, -78], pos: BlockPos{x=4015, y=76, z=-1243}, status: minecraft:features, currently generating: ResourceKey[minecraft:worldgen/placed_feature / ancient_elements:end_spire_feature]
[11May2025 06:19:19.748] [Worker-Main-38/ERROR] [net.minecraft.Util/]: Detected setBlock in a far chunk [250, -78], pos: BlockPos{x=4015, y=76, z=-1242}, status: minecraft:features, currently generating: ResourceKey[minecraft:worldgen/placed_feature / ancient_elements:end_spire_feature]
[11May2025 06:19:19.748] [Worker-Main-38/ERROR] [net.minecraft.Util/]: Detected setBlock in a far chunk [250, -78], pos: BlockPos{x=4015, y=76, z=-1241}, status: minecraft:features, currently generating: ResourceKey[minecraft:worldgen/placed_feature / ancient_elements:end_spire_feature]
[11May2025 06:19:19.748] [Worker-Main-38/ERROR] [net.minecraft.Util/]: Detected setBlock in a far chunk [250, -78], pos: BlockPos{x=4015, y=76, z=-1240}, status: minecraft:features, currently generating: ResourceKey[minecraft:worldgen/placed_feature / ancient_elements:end_spire_feature]
[11May2025 06:19:19.748] [Worker-Main-38/ERROR] [net.minecraft.Util/]: Detected setBlock in a far chunk [250, -78], pos: BlockPos{x=4015, y=76, z=-1239}, status: minecraft:features, currently generating: ResourceKey[minecraft:worldgen/placed_feature / ancient_elements:end_spire_feature]
[11May2025 06:19:19.748] [Worker-Main-38/ERROR] [net.minecraft.Util/]: Detected setBlock in a far chunk [250, -78], pos: BlockPos{x=4015, y=76, z=-1238}, status: minecraft:features, currently generating: ResourceKey[minecraft:worldgen/placed_feature / ancient_elements:end_spire_feature]
[11May2025 06:19:19.749] [Worker-Main-38/ERROR] [net.minecraft.Util/]: Detected setBlock in a far chunk [250, -78], pos: BlockPos{x=4015, y=76, z=-1237}, status: minecraft:features, currently generating: ResourceKey[minecraft:worldgen/placed_feature / ancient_elements:end_spire_feature]
[11May2025 06:19:19.749] [Worker-Main-38/ERROR] [net.minecraft.Util/]: Detected setBlock in a far chunk [250, -78], pos: BlockPos{x=4015, y=76, z=-1236}, status: minecraft:features, currently generating: ResourceKey[minecraft:worldgen/placed_feature / ancient_elements:end_spire_feature]
[11May2025 06:19:19.749] [Worker-Main-38/ERROR] [net.minecraft.Util/]: Detected setBlock in a far chunk [250, -79], pos: BlockPos{x=4015, y=77, z=-1252}, status: minecraft:features, currently generating: ResourceKey[minecraft:worldgen/placed_feature / ancient_elements:end_spire_feature]
[11May2025 06:19:19.750] [Worker-Main-38/ERROR] [net.minecraft.Util/]: Detected setBlock in a far chunk [250, -79], pos: BlockPos{x=4015, y=77, z=-1251}, status: minecraft:features, currently generating: ResourceKey[minecraft:worldgen/placed_feature / ancient_elements:end_spire_feature]
[11May2025 06:19:19.750] [Worker-Main-38/ERROR] [net.minecraft.Util/]: Detected setBlock in a far chunk [250, -79], pos: BlockPos{x=4015, y=77, z=-1250}, status: minecraft:features, currently generating: ResourceKey[minecraft:worldgen/placed_feature / ancient_elements:end_spire_feature]
[11May2025 06:19:19.750] [Worker-Main-38/ERROR] [net.minecraft.Util/]: Detected setBlock in a far chunk [250, -79], pos: BlockPos{x=4015, y=77, z=-1249}, status: minecraft:features, currently generating: ResourceKey[minecraft:worldgen/placed_feature / ancient_elements:end_spire_feature]
[11May2025 06:19:19.750] [Worker-Main-38/ERROR] [net.minecraft.Util/]: Detected setBlock in a far chunk [250, -78], pos: BlockPos{x=4015, y=77, z=-1248}, status: minecraft:features, currently generating: ResourceKey[minecraft:worldgen/placed_feature / ancient_elements:end_spire_feature]
[11May2025 06:19:19.751] [Worker-Main-38/ERROR] [net.minecraft.Util/]: Detected setBlock in a far chunk [250, -78], pos: BlockPos{x=4015, y=77, z=-1247}, status: minecraft:features, currently generating: ResourceKey[minecraft:worldgen/placed_feature / ancient_elements:end_spire_feature]
[11May2025 06:19:19.751] [Worker-Main-38/ERROR] [net.minecraft.Util/]: Detected setBlock in a far chunk [250, -78], pos: BlockPos{x=4015, y=77, z=-1246}, status: minecraft:features, currently generating: ResourceKey[minecraft:worldgen/placed_feature / ancient_elements:end_spire_feature]
[11May2025 06:19:19.751] [Worker-Main-38/ERROR] [net.minecraft.Util/]: Detected setBlock in a far chunk [250, -78], pos: BlockPos{x=4015, y=77, z=-1245}, status: minecraft:features, currently generating: ResourceKey[minecraft:worldgen/placed_feature / ancient_elements:end_spire_feature]
[11May2025 06:19:19.752] [Worker-Main-38/ERROR] [net.minecraft.Util/]: Detected setBlock in a far chunk [250, -78], pos: BlockPos{x=4015, y=77, z=-1244}, status: minecraft:features, currently generating: ResourceKey[minecraft:worldgen/placed_feature / ancient_elements:end_spire_feature]
[11May2025 06:19:19.752] [Worker-Main-38/ERROR] [net.minecraft.Util/]: Detected setBlock in a far chunk [250, -78], pos: BlockPos{x=4015, y=77, z=-1243}, status: minecraft:features, currently generating: ResourceKey[minecraft:worldgen/placed_feature / ancient_elements:end_spire_feature]
[11May2025 06:19:19.752] [Worker-Main-38/ERROR] [net.minecraft.Util/]: Detected setBlock in a far chunk [250, -78], pos: BlockPos{x=4015, y=77, z=-1242}, status: minecraft:features, currently generating: ResourceKey[minecraft:worldgen/placed_feature / ancient_elements:end_spire_feature]
[11May2025 06:19:19.752] [Worker-Main-38/ERROR] [net.minecraft.Util/]: Detected setBlock in a far chunk [250, -78], pos: BlockPos{x=4015, y=77, z=-1241}, status: minecraft:features, currently generating: ResourceKey[minecraft:worldgen/placed_feature / ancient_elements:end_spire_feature]
[11May2025 06:19:19.752] [Worker-Main-38/ERROR] [net.minecraft.Util/]: Detected setBlock in a far chunk [250, -78], pos: BlockPos{x=4015, y=77, z=-1240}, status: minecraft:features, currently generating: ResourceKey[minecraft:worldgen/placed_feature / ancient_elements:end_spire_feature]
[11May2025 06:19:19.752] [Worker-Main-38/ERROR] [net.minecraft.Util/]: Detected setBlock in a far chunk [250, -78], pos: BlockPos{x=4015, y=77, z=-1239}, status: minecraft:features, currently generating: ResourceKey[minecraft:worldgen/placed_feature / ancient_elements:end_spire_feature]
[11May2025 06:19:19.752] [Worker-Main-38/ERROR] [net.minecraft.Util/]: Detected setBlock in a far chunk [250, -78], pos: BlockPos{x=4015, y=77, z=-1238}, status: minecraft:features, currently generating: ResourceKey[minecraft:worldgen/placed_feature / ancient_elements:end_spire_feature]
[11May2025 06:19:19.752] [Worker-Main-38/ERROR] [net.minecraft.Util/]: Detected setBlock in a far chunk [250, -78], pos: BlockPos{x=4015, y=77, z=-1237}, status: minecraft:features, currently generating: ResourceKey[minecraft:worldgen/placed_feature / ancient_elements:end_spire_feature]
[11May2025 06:19:19.752] [Worker-Main-38/ERROR] [net.minecraft.Util/]: Detected setBlock in a far chunk [250, -78], pos: BlockPos{x=4015, y=77, z=-1236}, status: minecraft:features, currently generating: ResourceKey[minecraft:worldgen/placed_feature / ancient_elements:end_spire_feature]
[11May2025 06:19:19.753] [Worker-Main-38/ERROR] [net.minecraft.Util/]: Detected setBlock in a far chunk [250, -79], pos: BlockPos{x=4015, y=78, z=-1252}, status: minecraft:features, currently generating: ResourceKey[minecraft:worldgen/placed_feature / ancient_elements:end_spire_feature]
[11May2025 06:19:19.753] [Worker-Main-38/ERROR] [net.minecraft.Util/]: Detected setBlock in a far chunk [250, -79], pos: BlockPos{x=4015, y=78, z=-1251}, status: minecraft:features, currently generating: ResourceKey[minecraft:worldgen/placed_feature / ancient_elements:end_spire_feature]
[11May2025 06:19:19.753] [Worker-Main-38/ERROR] [net.minecraft.Util/]: Detected setBlock in a far chunk [250, -79], pos: BlockPos{x=4015, y=78, z=-1250}, status: minecraft:features, currently generating: ResourceKey[minecraft:worldgen/placed_feature / ancient_elements:end_spire_feature]
[11May2025 06:19:19.753] [Worker-Main-38/ERROR] [net.minecraft.Util/]: Detected setBlock in a far chunk [250, -79], pos: BlockPos{x=4015, y=78, z=-1249}, status: minecraft:features, currently generating: ResourceKey[minecraft:worldgen/placed_feature / ancient_elements:end_spire_feature]
[11May2025 06:19:19.753] [Worker-Main-38/ERROR] [net.minecraft.Util/]: Detected setBlock in a far chunk [250, -78], pos: BlockPos{x=4015, y=78, z=-1248}, status: minecraft:features, currently generating: ResourceKey[minecraft:worldgen/placed_feature / ancient_elements:end_spire_feature]
[11May2025 06:19:19.754] [Worker-Main-38/ERROR] [net.minecraft.Util/]: Detected setBlock in a far chunk [250, -78], pos: BlockPos{x=4015, y=78, z=-1247}, status: minecraft:features, currently generating: ResourceKey[minecraft:worldgen/placed_feature / ancient_elements:end_spire_feature]
[11May2025 06:19:19.754] [Worker-Main-38/ERROR] [net.minecraft.Util/]: Detected setBlock in a far chunk [250, -78], pos: BlockPos{x=4015, y=78, z=-1246}, status: minecraft:features, currently generating: ResourceKey[minecraft:worldgen/placed_feature / ancient_elements:end_spire_feature]
[11May2025 06:19:19.755] [Worker-Main-38/ERROR] [net.minecraft.Util/]: Detected setBlock in a far chunk [250, -78], pos: BlockPos{x=4015, y=78, z=-1245}, status: minecraft:features, currently generating: ResourceKey[minecraft:worldgen/placed_feature / ancient_elements:end_spire_feature]
[11May2025 06:19:19.755] [Worker-Main-38/ERROR] [net.minecraft.Util/]: Detected setBlock in a far chunk [250, -78], pos: BlockPos{x=4015, y=78, z=-1244}, status: minecraft:features, currently generating: ResourceKey[minecraft:worldgen/placed_feature / ancient_elements:end_spire_feature]
[11May2025 06:19:19.756] [Worker-Main-38/ERROR] [net.minecraft.Util/]: Detected setBlock in a far chunk [250, -78], pos: BlockPos{x=4015, y=78, z=-1243}, status: minecraft:features, currently generating: ResourceKey[minecraft:worldgen/placed_feature / ancient_elements:end_spire_feature]
[11May2025 06:19:19.756] [Worker-Main-38/ERROR] [net.minecraft.Util/]: Detected setBlock in a far chunk [250, -78], pos: BlockPos{x=4015, y=78, z=-1242}, status: minecraft:features, currently generating: ResourceKey[minecraft:worldgen/placed_feature / ancient_elements:end_spire_feature]
[11May2025 06:19:19.757] [Worker-Main-38/ERROR] [net.minecraft.Util/]: Detected setBlock in a far chunk [250, -78], pos: BlockPos{x=4015, y=78, z=-1241}, status: minecraft:features, currently generating: ResourceKey[minecraft:worldgen/placed_feature / ancient_elements:end_spire_feature]
[11May2025 06:19:19.757] [Worker-Main-38/ERROR] [net.minecraft.Util/]: Detected setBlock in a far chunk [250, -78], pos: BlockPos{x=4015, y=78, z=-1240}, status: minecraft:features, currently generating: ResourceKey[minecraft:worldgen/placed_feature / ancient_elements:end_spire_feature]
[11May2025 06:19:19.757] [Worker-Main-38/ERROR] [net.minecraft.Util/]: Detected setBlock in a far chunk [250, -78], pos: BlockPos{x=4015, y=78, z=-1239}, status: minecraft:features, currently generating: ResourceKey[minecraft:worldgen/placed_feature / ancient_elements:end_spire_feature]
[11May2025 06:19:19.757] [Worker-Main-38/ERROR] [net.minecraft.Util/]: Detected setBlock in a far chunk [250, -78], pos: BlockPos{x=4015, y=78, z=-1238}, status: minecraft:features, currently generating: ResourceKey[minecraft:worldgen/placed_feature / ancient_elements:end_spire_feature]
[11May2025 06:19:19.758] [Worker-Main-38/ERROR] [net.minecraft.Util/]: Detected setBlock in a far chunk [250, -78], pos: BlockPos{x=4015, y=78, z=-1237}, status: minecraft:features, currently generating: ResourceKey[minecraft:worldgen/placed_feature / ancient_elements:end_spire_feature]
[11May2025 06:19:19.758] [Worker-Main-38/ERROR] [net.minecraft.Util/]: Detected setBlock in a far chunk [250, -78], pos: BlockPos{x=4015, y=78, z=-1236}, status: minecraft:features, currently generating: ResourceKey[minecraft:worldgen/placed_feature / ancient_elements:end_spire_feature]
[11May2025 06:19:19.758] [Worker-Main-38/ERROR] [net.minecraft.Util/]: Detected setBlock in a far chunk [250, -79], pos: BlockPos{x=4015, y=79, z=-1252}, status: minecraft:features, currently generating: ResourceKey[minecraft:worldgen/placed_feature / ancient_elements:end_spire_feature]
[11May2025 06:19:19.758] [Worker-Main-38/ERROR] [net.minecraft.Util/]: Detected setBlock in a far chunk [250, -79], pos: BlockPos{x=4015, y=79, z=-1251}, status: minecraft:features, currently generating: ResourceKey[minecraft:worldgen/placed_feature / ancient_elements:end_spire_feature]
[11May2025 06:19:19.758] [Worker-Main-38/ERROR] [net.minecraft.Util/]: Detected setBlock in a far chunk [250, -79], pos: BlockPos{x=4015, y=79, z=-1250}, status: minecraft:features, currently generating: ResourceKey[minecraft:worldgen/placed_feature / ancient_elements:end_spire_feature]
[11May2025 06:19:19.759] [Worker-Main-38/ERROR] [net.minecraft.Util/]: Detected setBlock in a far chunk [250, -79], pos: BlockPos{x=4015, y=79, z=-1249}, status: minecraft:features, currently generating: ResourceKey[minecraft:worldgen/placed_feature / ancient_elements:end_spire_feature]
[11May2025 06:19:19.759] [Worker-Main-38/ERROR] [net.minecraft.Util/]: Detected setBlock in a far chunk [250, -78], pos: BlockPos{x=4015, y=79, z=-1248}, status: minecraft:features, currently generating: ResourceKey[minecraft:worldgen/placed_feature / ancient_elements:end_spire_feature]
[11May2025 06:19:19.759] [Worker-Main-38/ERROR] [net.minecraft.Util/]: Detected setBlock in a far chunk [250, -78], pos: BlockPos{x=4015, y=79, z=-1247}, status: minecraft:features, currently generating: ResourceKey[minecraft:worldgen/placed_feature / ancient_elements:end_spire_feature]
[11May2025 06:19:19.759] [Worker-Main-38/ERROR] [net.minecraft.Util/]: Detected setBlock in a far chunk [250, -78], pos: BlockPos{x=4015, y=79, z=-1246}, status: minecraft:features, currently generating: ResourceKey[minecraft:worldgen/placed_feature / ancient_elements:end_spire_feature]
[11May2025 06:19:19.759] [Worker-Main-38/ERROR] [net.minecraft.Util/]: Detected setBlock in a far chunk [250, -78], pos: BlockPos{x=4015, y=79, z=-1245}, status: minecraft:features, currently generating: ResourceKey[minecraft:worldgen/placed_feature / ancient_elements:end_spire_feature]
[11May2025 06:19:19.759] [Worker-Main-38/ERROR] [net.minecraft.Util/]: Detected setBlock in a far chunk [250, -78], pos: BlockPos{x=4015, y=79, z=-1244}, status: minecraft:features, currently generating: ResourceKey[minecraft:worldgen/placed_feature / ancient_elements:end_spire_feature]
[11May2025 06:19:19.759] [Worker-Main-38/ERROR] [net.minecraft.Util/]: Detected setBlock in a far chunk [250, -78], pos: BlockPos{x=4015, y=79, z=-1243}, status: minecraft:features, currently generating: ResourceKey[minecraft:worldgen/placed_feature / ancient_elements:end_spire_feature]
[11May2025 06:19:19.759] [Worker-Main-38/ERROR] [net.minecraft.Util/]: Detected setBlock in a far chunk [250, -78], pos: BlockPos{x=4015, y=79, z=-1242}, status: minecraft:features, currently generating: ResourceKey[minecraft:worldgen/placed_feature / ancient_elements:end_spire_feature]
[11May2025 06:19:19.760] [Worker-Main-38/ERROR] [net.minecraft.Util/]: Detected setBlock in a far chunk [250, -78], pos: BlockPos{x=4015, y=79, z=-1241}, status: minecraft:features, currently generating: ResourceKey[minecraft:worldgen/placed_feature / ancient_elements:end_spire_feature]
[11May2025 06:19:19.760] [Worker-Main-38/ERROR] [net.minecraft.Util/]: Detected setBlock in a far chunk [250, -78], pos: BlockPos{x=4015, y=79, z=-1240}, status: minecraft:features, currently generating: ResourceKey[minecraft:worldgen/placed_feature / ancient_elements:end_spire_feature]
[11May2025 06:19:19.760] [Worker-Main-38/ERROR] [net.minecraft.Util/]: Detected setBlock in a far chunk [250, -78], pos: BlockPos{x=4015, y=79, z=-1239}, status: minecraft:features, currently generating: ResourceKey[minecraft:worldgen/placed_feature / ancient_elements:end_spire_feature]
[11May2025 06:19:19.760] [Worker-Main-38/ERROR] [net.minecraft.Util/]: Detected setBlock in a far chunk [250, -78], pos: BlockPos{x=4015, y=79, z=-1238}, status: minecraft:features, currently generating: ResourceKey[minecraft:worldgen/placed_feature / ancient_elements:end_spire_feature]
[11May2025 06:19:19.760] [Worker-Main-38/ERROR] [net.minecraft.Util/]: Detected setBlock in a far chunk [250, -78], pos: BlockPos{x=4015, y=79, z=-1237}, status: minecraft:features, currently generating: ResourceKey[minecraft:worldgen/placed_feature / ancient_elements:end_spire_feature]
[11May2025 06:19:19.760] [Worker-Main-38/ERROR] [net.minecraft.Util/]: Detected setBlock in a far chunk [250, -78], pos: BlockPos{x=4015, y=79, z=-1236}, status: minecraft:features, currently generating: ResourceKey[minecraft:worldgen/placed_feature / ancient_elements:end_spire_feature]
[11May2025 06:19:19.761] [Worker-Main-38/ERROR] [net.minecraft.Util/]: Detected setBlock in a far chunk [250, -79], pos: BlockPos{x=4015, y=80, z=-1252}, status: minecraft:features, currently generating: ResourceKey[minecraft:worldgen/placed_feature / ancient_elements:end_spire_feature]
[11May2025 06:19:19.761] [Worker-Main-38/ERROR] [net.minecraft.Util/]: Detected setBlock in a far chunk [250, -79], pos: BlockPos{x=4015, y=80, z=-1251}, status: minecraft:features, currently generating: ResourceKey[minecraft:worldgen/placed_feature / ancient_elements:end_spire_feature]
[11May2025 06:19:19.761] [Worker-Main-38/ERROR] [net.minecraft.Util/]: Detected setBlock in a far chunk [250, -79], pos: BlockPos{x=4015, y=80, z=-1250}, status: minecraft:features, currently generating: ResourceKey[minecraft:worldgen/placed_feature / ancient_elements:end_spire_feature]
[11May2025 06:19:19.761] [Worker-Main-38/ERROR] [net.minecraft.Util/]: Detected setBlock in a far chunk [250, -79], pos: BlockPos{x=4015, y=80, z=-1249}, status: minecraft:features, currently generating: ResourceKey[minecraft:worldgen/placed_feature / ancient_elements:end_spire_feature]
[11May2025 06:19:19.761] [Worker-Main-38/ERROR] [net.minecraft.Util/]: Detected setBlock in a far chunk [250, -78], pos: BlockPos{x=4015, y=80, z=-1248}, status: minecraft:features, currently generating: ResourceKey[minecraft:worldgen/placed_feature / ancient_elements:end_spire_feature]
[11May2025 06:19:19.762] [Worker-Main-38/ERROR] [net.minecraft.Util/]: Detected setBlock in a far chunk [250, -78], pos: BlockPos{x=4015, y=80, z=-1247}, status: minecraft:features, currently generating: ResourceKey[minecraft:worldgen/placed_feature / ancient_elements:end_spire_feature]
[11May2025 06:19:19.762] [Worker-Main-38/ERROR] [net.minecraft.Util/]: Detected setBlock in a far chunk [250, -78], pos: BlockPos{x=4015, y=80, z=-1246}, status: minecraft:features, currently generating: ResourceKey[minecraft:worldgen/placed_feature / ancient_elements:end_spire_feature]
[11May2025 06:19:19.762] [Worker-Main-38/ERROR] [net.minecraft.Util/]: Detected setBlock in a far chunk [250, -78], pos: BlockPos{x=4015, y=80, z=-1245}, status: minecraft:features, currently generating: ResourceKey[minecraft:worldgen/placed_feature / ancient_elements:end_spire_feature]
[11May2025 06:19:19.762] [Worker-Main-38/ERROR] [net.minecraft.Util/]: Detected setBlock in a far chunk [250, -78], pos: BlockPos{x=4015, y=80, z=-1244}, status: minecraft:features, currently generating: ResourceKey[minecraft:worldgen/placed_feature / ancient_elements:end_spire_feature]
[11May2025 06:19:19.762] [Worker-Main-38/ERROR] [net.minecraft.Util/]: Detected setBlock in a far chunk [250, -78], pos: BlockPos{x=4015, y=80, z=-1243}, status: minecraft:features, currently generating: ResourceKey[minecraft:worldgen/placed_feature / ancient_elements:end_spire_feature]
[11May2025 06:19:19.762] [Worker-Main-38/ERROR] [net.minecraft.Util/]: Detected setBlock in a far chunk [250, -78], pos: BlockPos{x=4015, y=80, z=-1242}, status: minecraft:features, currently generating: ResourceKey[minecraft:worldgen/placed_feature / ancient_elements:end_spire_feature]
[11May2025 06:19:19.762] [Worker-Main-38/ERROR] [net.minecraft.Util/]: Detected setBlock in a far chunk [250, -78], pos: BlockPos{x=4015, y=80, z=-1241}, status: minecraft:features, currently generating: ResourceKey[minecraft:worldgen/placed_feature / ancient_elements:end_spire_feature]
[11May2025 06:19:19.762] [Worker-Main-38/ERROR] [net.minecraft.Util/]: Detected setBlock in a far chunk [250, -78], pos: BlockPos{x=4015, y=80, z=-1240}, status: minecraft:features, currently generating: ResourceKey[minecraft:worldgen/placed_feature / ancient_elements:end_spire_feature]
[11May2025 06:19:19.763] [Worker-Main-38/ERROR] [net.minecraft.Util/]: Detected setBlock in a far chunk [250, -78], pos: BlockPos{x=4015, y=80, z=-1239}, status: minecraft:features, currently generating: ResourceKey[minecraft:worldgen/placed_feature / ancient_elements:end_spire_feature]
[11May2025 06:19:19.763] [Worker-Main-38/ERROR] [net.minecraft.Util/]: Detected setBlock in a far chunk [250, -78], pos: BlockPos{x=4015, y=80, z=-1238}, status: minecraft:features, currently generating: ResourceKey[minecraft:worldgen/placed_feature / ancient_elements:end_spire_feature]
[11May2025 06:19:19.763] [Worker-Main-38/ERROR] [net.minecraft.Util/]: Detected setBlock in a far chunk [250, -78], pos: BlockPos{x=4015, y=80, z=-1237}, status: minecraft:features, currently generating: ResourceKey[minecraft:worldgen/placed_feature / ancient_elements:end_spire_feature]
[11May2025 06:19:19.763] [Worker-Main-38/ERROR] [net.minecraft.Util/]: Detected setBlock in a far chunk [250, -78], pos: BlockPos{x=4015, y=80, z=-1236}, status: minecraft:features, currently generating: ResourceKey[minecraft:worldgen/placed_feature / ancient_elements:end_spire_feature]
[11May2025 06:19:19.763] [Worker-Main-38/ERROR] [net.minecraft.Util/]: Detected setBlock in a far chunk [250, -79], pos: BlockPos{x=4015, y=81, z=-1252}, status: minecraft:features, currently generating: ResourceKey[minecraft:worldgen/placed_feature / ancient_elements:end_spire_feature]
[11May2025 06:19:19.764] [Worker-Main-38/ERROR] [net.minecraft.Util/]: Detected setBlock in a far chunk [250, -79], pos: BlockPos{x=4015, y=81, z=-1251}, status: minecraft:features, currently generating: ResourceKey[minecraft:worldgen/placed_feature / ancient_elements:end_spire_feature]
[11May2025 06:19:19.764] [Worker-Main-38/ERROR] [net.minecraft.Util/]: Detected setBlock in a far chunk [250, -79], pos: BlockPos{x=4015, y=81, z=-1250}, status: minecraft:features, currently generating: ResourceKey[minecraft:worldgen/placed_feature / ancient_elements:end_spire_feature]
[11May2025 06:19:19.764] [Worker-Main-38/ERROR] [net.minecraft.Util/]: Detected setBlock in a far chunk [250, -79], pos: BlockPos{x=4015, y=81, z=-1249}, status: minecraft:features, currently generating: ResourceKey[minecraft:worldgen/placed_feature / ancient_elements:end_spire_feature]
[11May2025 06:19:19.764] [Worker-Main-38/ERROR] [net.minecraft.Util/]: Detected setBlock in a far chunk [250, -78], pos: BlockPos{x=4015, y=81, z=-1248}, status: minecraft:features, currently generating: ResourceKey[minecraft:worldgen/placed_feature / ancient_elements:end_spire_feature]
[11May2025 06:19:19.764] [Worker-Main-38/ERROR] [net.minecraft.Util/]: Detected setBlock in a far chunk [250, -78], pos: BlockPos{x=4015, y=81, z=-1247}, status: minecraft:features, currently generating: ResourceKey[minecraft:worldgen/placed_feature / ancient_elements:end_spire_feature]
[11May2025 06:19:19.765] [Worker-Main-38/ERROR] [net.minecraft.Util/]: Detected setBlock in a far chunk [250, -78], pos: BlockPos{x=4015, y=81, z=-1246}, status: minecraft:features, currently generating: ResourceKey[minecraft:worldgen/placed_feature / ancient_elements:end_spire_feature]
[11May2025 06:19:19.765] [Worker-Main-38/ERROR] [net.minecraft.Util/]: Detected setBlock in a far chunk [250, -78], pos: BlockPos{x=4015, y=81, z=-1245}, status: minecraft:features, currently generating: ResourceKey[minecraft:worldgen/placed_feature / ancient_elements:end_spire_feature]
[11May2025 06:19:19.765] [Worker-Main-38/ERROR] [net.minecraft.Util/]: Detected setBlock in a far chunk [250, -78], pos: BlockPos{x=4015, y=81, z=-1244}, status: minecraft:features, currently generating: ResourceKey[minecraft:worldgen/placed_feature / ancient_elements:end_spire_feature]
[11May2025 06:19:19.765] [Worker-Main-38/ERROR] [net.minecraft.Util/]: Detected setBlock in a far chunk [250, -78], pos: BlockPos{x=4015, y=81, z=-1243}, status: minecraft:features, currently generating: ResourceKey[minecraft:worldgen/placed_feature / ancient_elements:end_spire_feature]
[11May2025 06:19:19.765] [Worker-Main-38/ERROR] [net.minecraft.Util/]: Detected setBlock in a far chunk [250, -78], pos: BlockPos{x=4015, y=81, z=-1242}, status: minecraft:features, currently generating: ResourceKey[minecraft:worldgen/placed_feature / ancient_elements:end_spire_feature]
[11May2025 06:19:19.765] [Worker-Main-38/ERROR] [net.minecraft.Util/]: Detected setBlock in a far chunk [250, -78], pos: BlockPos{x=4015, y=81, z=-1241}, status: minecraft:features, currently generating: ResourceKey[minecraft:worldgen/placed_feature / ancient_elements:end_spire_feature]
[11May2025 06:19:19.766] [Worker-Main-38/ERROR] [net.minecraft.Util/]: Detected setBlock in a far chunk [250, -78], pos: BlockPos{x=4015, y=81, z=-1240}, status: minecraft:features, currently generating: ResourceKey[minecraft:worldgen/placed_feature / ancient_elements:end_spire_feature]
[11May2025 06:19:19.766] [Worker-Main-38/ERROR] [net.minecraft.Util/]: Detected setBlock in a far chunk [250, -78], pos: BlockPos{x=4015, y=81, z=-1239}, status: minecraft:features, currently generating: ResourceKey[minecraft:worldgen/placed_feature / ancient_elements:end_spire_feature]
[11May2025 06:19:19.766] [Worker-Main-38/ERROR] [net.minecraft.Util/]: Detected setBlock in a far chunk [250, -78], pos: BlockPos{x=4015, y=81, z=-1238}, status: minecraft:features, currently generating: ResourceKey[minecraft:worldgen/placed_feature / ancient_elements:end_spire_feature]
[11May2025 06:19:19.766] [Worker-Main-38/ERROR] [net.minecraft.Util/]: Detected setBlock in a far chunk [250, -78], pos: BlockPos{x=4015, y=81, z=-1237}, status: minecraft:features, currently generating: ResourceKey[minecraft:worldgen/placed_feature / ancient_elements:end_spire_feature]
[11May2025 06:19:19.766] [Worker-Main-38/ERROR] [net.minecraft.Util/]: Detected setBlock in a far chunk [250, -78], pos: BlockPos{x=4015, y=81, z=-1236}, status: minecraft:features, currently generating: ResourceKey[minecraft:worldgen/placed_feature / ancient_elements:end_spire_feature]
[11May2025 06:19:19.766] [Worker-Main-38/ERROR] [net.minecraft.Util/]: Detected setBlock in a far chunk [250, -79], pos: BlockPos{x=4015, y=82, z=-1252}, status: minecraft:features, currently generating: ResourceKey[minecraft:worldgen/placed_feature / ancient_elements:end_spire_feature]
[11May2025 06:19:19.766] [Worker-Main-38/ERROR] [net.minecraft.Util/]: Detected setBlock in a far chunk [250, -79], pos: BlockPos{x=4015, y=82, z=-1251}, status: minecraft:features, currently generating: ResourceKey[minecraft:worldgen/placed_feature / ancient_elements:end_spire_feature]
[11May2025 06:19:19.767] [Worker-Main-38/ERROR] [net.minecraft.Util/]: Detected setBlock in a far chunk [250, -79], pos: BlockPos{x=4015, y=82, z=-1250}, status: minecraft:features, currently generating: ResourceKey[minecraft:worldgen/placed_feature / ancient_elements:end_spire_feature]
[11May2025 06:19:19.767] [Worker-Main-38/ERROR] [net.minecraft.Util/]: Detected setBlock in a far chunk [250, -79], pos: BlockPos{x=4015, y=82, z=-1249}, status: minecraft:features, currently generating: ResourceKey[minecraft:worldgen/placed_feature / ancient_elements:end_spire_feature]
[11May2025 06:19:19.767] [Worker-Main-38/ERROR] [net.minecraft.Util/]: Detected setBlock in a far chunk [250, -78], pos: BlockPos{x=4015, y=82, z=-1248}, status: minecraft:features, currently generating: ResourceKey[minecraft:worldgen/placed_feature / ancient_elements:end_spire_feature]
[11May2025 06:19:19.767] [Worker-Main-38/ERROR] [net.minecraft.Util/]: Detected setBlock in a far chunk [250, -78], pos: BlockPos{x=4015, y=82, z=-1247}, status: minecraft:features, currently generating: ResourceKey[minecraft:worldgen/placed_feature / ancient_elements:end_spire_feature]
[11May2025 06:19:19.767] [Worker-Main-38/ERROR] [net.minecraft.Util/]: Detected setBlock in a far chunk [250, -78], pos: BlockPos{x=4015, y=82, z=-1246}, status: minecraft:features, currently generating: ResourceKey[minecraft:worldgen/placed_feature / ancient_elements:end_spire_feature]
[11May2025 06:19:19.767] [Worker-Main-38/ERROR] [net.minecraft.Util/]: Detected setBlock in a far chunk [250, -78], pos: BlockPos{x=4015, y=82, z=-1245}, status: minecraft:features, currently generating: ResourceKey[minecraft:worldgen/placed_feature / ancient_elements:end_spire_feature]
[11May2025 06:19:19.767] [Worker-Main-38/ERROR] [net.minecraft.Util/]: Detected setBlock in a far chunk [250, -78], pos: BlockPos{x=4015, y=82, z=-1244}, status: minecraft:features, currently generating: ResourceKey[minecraft:worldgen/placed_feature / ancient_elements:end_spire_feature]
[11May2025 06:19:19.767] [Worker-Main-38/ERROR] [net.minecraft.Util/]: Detected setBlock in a far chunk [250, -78], pos: BlockPos{x=4015, y=82, z=-1243}, status: minecraft:features, currently generating: ResourceKey[minecraft:worldgen/placed_feature / ancient_elements:end_spire_feature]
[11May2025 06:19:19.768] [Worker-Main-38/ERROR] [net.minecraft.Util/]: Detected setBlock in a far chunk [250, -78], pos: BlockPos{x=4015, y=82, z=-1242}, status: minecraft:features, currently generating: ResourceKey[minecraft:worldgen/placed_feature / ancient_elements:end_spire_feature]
[11May2025 06:19:19.768] [Worker-Main-38/ERROR] [net.minecraft.Util/]: Detected setBlock in a far chunk [250, -78], pos: BlockPos{x=4015, y=82, z=-1241}, status: minecraft:features, currently generating: ResourceKey[minecraft:worldgen/placed_feature / ancient_elements:end_spire_feature]
[11May2025 06:19:19.768] [Worker-Main-38/ERROR] [net.minecraft.Util/]: Detected setBlock in a far chunk [250, -78], pos: BlockPos{x=4015, y=82, z=-1240}, status: minecraft:features, currently generating: ResourceKey[minecraft:worldgen/placed_feature / ancient_elements:end_spire_feature]
[11May2025 06:19:19.768] [Worker-Main-38/ERROR] [net.minecraft.Util/]: Detected setBlock in a far chunk [250, -78], pos: BlockPos{x=4015, y=82, z=-1239}, status: minecraft:features, currently generating: ResourceKey[minecraft:worldgen/placed_feature / ancient_elements:end_spire_feature]
[11May2025 06:19:19.768] [Worker-Main-38/ERROR] [net.minecraft.Util/]: Detected setBlock in a far chunk [250, -78], pos: BlockPos{x=4015, y=82, z=-1238}, status: minecraft:features, currently generating: ResourceKey[minecraft:worldgen/placed_feature / ancient_elements:end_spire_feature]
[11May2025 06:19:19.768] [Worker-Main-38/ERROR] [net.minecraft.Util/]: Detected setBlock in a far chunk [250, -78], pos: BlockPos{x=4015, y=82, z=-1237}, status: minecraft:features, currently generating: ResourceKey[minecraft:worldgen/placed_feature / ancient_elements:end_spire_feature]
[11May2025 06:19:19.768] [Worker-Main-38/ERROR] [net.minecraft.Util/]: Detected setBlock in a far chunk [250, -78], pos: BlockPos{x=4015, y=82, z=-1236}, status: minecraft:features, currently generating: ResourceKey[minecraft:worldgen/placed_feature / ancient_elements:end_spire_feature]
[11May2025 06:19:19.769] [Worker-Main-38/ERROR] [net.minecraft.Util/]: Detected setBlock in a far chunk [250, -79], pos: BlockPos{x=4015, y=83, z=-1252}, status: minecraft:features, currently generating: ResourceKey[minecraft:worldgen/placed_feature / ancient_elements:end_spire_feature]
[11May2025 06:19:19.769] [Worker-Main-38/ERROR] [net.minecraft.Util/]: Detected setBlock in a far chunk [250, -79], pos: BlockPos{x=4015, y=83, z=-1251}, status: minecraft:features, currently generating: ResourceKey[minecraft:worldgen/placed_feature / ancient_elements:end_spire_feature]
[11May2025 06:19:19.769] [Worker-Main-38/ERROR] [net.minecraft.Util/]: Detected setBlock in a far chunk [250, -79], pos: BlockPos{x=4015, y=83, z=-1250}, status: minecraft:features, currently generating: ResourceKey[minecraft:worldgen/placed_feature / ancient_elements:end_spire_feature]
[11May2025 06:19:19.769] [Worker-Main-38/ERROR] [net.minecraft.Util/]: Detected setBlock in a far chunk [250, -79], pos: BlockPos{x=4015, y=83, z=-1249}, status: minecraft:features, currently generating: ResourceKey[minecraft:worldgen/placed_feature / ancient_elements:end_spire_feature]
[11May2025 06:19:19.769] [Worker-Main-38/ERROR] [net.minecraft.Util/]: Detected setBlock in a far chunk [250, -78], pos: BlockPos{x=4015, y=83, z=-1248}, status: minecraft:features, currently generating: ResourceKey[minecraft:worldgen/placed_feature / ancient_elements:end_spire_feature]
[11May2025 06:19:19.769] [Worker-Main-38/ERROR] [net.minecraft.Util/]: Detected setBlock in a far chunk [250, -78], pos: BlockPos{x=4015, y=83, z=-1247}, status: minecraft:features, currently generating: ResourceKey[minecraft:worldgen/placed_feature / ancient_elements:end_spire_feature]
[11May2025 06:19:19.769] [Worker-Main-38/ERROR] [net.minecraft.Util/]: Detected setBlock in a far chunk [250, -78], pos: BlockPos{x=4015, y=83, z=-1246}, status: minecraft:features, currently generating: ResourceKey[minecraft:worldgen/placed_feature / ancient_elements:end_spire_feature]
[11May2025 06:19:19.769] [Worker-Main-38/ERROR] [net.minecraft.Util/]: Detected setBlock in a far chunk [250, -78], pos: BlockPos{x=4015, y=83, z=-1245}, status: minecraft:features, currently generating: ResourceKey[minecraft:worldgen/placed_feature / ancient_elements:end_spire_feature]
[11May2025 06:19:19.770] [Worker-Main-38/ERROR] [net.minecraft.Util/]: Detected setBlock in a far chunk [250, -78], pos: BlockPos{x=4015, y=83, z=-1244}, status: minecraft:features, currently generating: ResourceKey[minecraft:worldgen/placed_feature / ancient_elements:end_spire_feature]
[11May2025 06:19:19.770] [Worker-Main-38/ERROR] [net.minecraft.Util/]: Detected setBlock in a far chunk [250, -78], pos: BlockPos{x=4015, y=83, z=-1243}, status: minecraft:features, currently generating: ResourceKey[minecraft:worldgen/placed_feature / ancient_elements:end_spire_feature]
[11May2025 06:19:19.770] [Worker-Main-38/ERROR] [net.minecraft.Util/]: Detected setBlock in a far chunk [250, -78], pos: BlockPos{x=4015, y=83, z=-1242}, status: minecraft:features, currently generating: ResourceKey[minecraft:worldgen/placed_feature / ancient_elements:end_spire_feature]
[11May2025 06:19:19.770] [Worker-Main-38/ERROR] [net.minecraft.Util/]: Detected setBlock in a far chunk [250, -78], pos: BlockPos{x=4015, y=83, z=-1241}, status: minecraft:features, currently generating: ResourceKey[minecraft:worldgen/placed_feature / ancient_elements:end_spire_feature]
[11May2025 06:19:19.770] [Worker-Main-38/ERROR] [net.minecraft.Util/]: Detected setBlock in a far chunk [250, -78], pos: BlockPos{x=4015, y=83, z=-1240}, status: minecraft:features, currently generating: ResourceKey[minecraft:worldgen/placed_feature / ancient_elements:end_spire_feature]
[11May2025 06:19:19.770] [Worker-Main-38/ERROR] [net.minecraft.Util/]: Detected setBlock in a far chunk [250, -78], pos: BlockPos{x=4015, y=83, z=-1239}, status: minecraft:features, currently generating: ResourceKey[minecraft:worldgen/placed_feature / ancient_elements:end_spire_feature]
[11May2025 06:19:19.770] [Worker-Main-38/ERROR] [net.minecraft.Util/]: Detected setBlock in a far chunk [250, -78], pos: BlockPos{x=4015, y=83, z=-1238}, status: minecraft:features, currently generating: ResourceKey[minecraft:worldgen/placed_feature / ancient_elements:end_spire_feature]
[11May2025 06:19:19.771] [Worker-Main-38/ERROR] [net.minecraft.Util/]: Detected setBlock in a far chunk [250, -78], pos: BlockPos{x=4015, y=83, z=-1237}, status: minecraft:features, currently generating: ResourceKey[minecraft:worldgen/placed_feature / ancient_elements:end_spire_feature]
[11May2025 06:19:19.771] [Worker-Main-38/ERROR] [net.minecraft.Util/]: Detected setBlock in a far chunk [250, -78], pos: BlockPos{x=4015, y=83, z=-1236}, status: minecraft:features, currently generating: ResourceKey[minecraft:worldgen/placed_feature / ancient_elements:end_spire_feature]
[11May2025 06:19:19.771] [Worker-Main-38/ERROR] [net.minecraft.Util/]: Detected setBlock in a far chunk [250, -79], pos: BlockPos{x=4015, y=84, z=-1252}, status: minecraft:features, currently generating: ResourceKey[minecraft:worldgen/placed_feature / ancient_elements:end_spire_feature]
[11May2025 06:19:19.771] [Worker-Main-38/ERROR] [net.minecraft.Util/]: Detected setBlock in a far chunk [250, -79], pos: BlockPos{x=4015, y=84, z=-1251}, status: minecraft:features, currently generating: ResourceKey[minecraft:worldgen/placed_feature / ancient_elements:end_spire_feature]
[11May2025 06:19:19.771] [Worker-Main-38/ERROR] [net.minecraft.Util/]: Detected setBlock in a far chunk [250, -79], pos: BlockPos{x=4015, y=84, z=-1250}, status: minecraft:features, currently generating: ResourceKey[minecraft:worldgen/placed_feature / ancient_elements:end_spire_feature]
[11May2025 06:19:19.771] [Worker-Main-38/ERROR] [net.minecraft.Util/]: Detected setBlock in a far chunk [250, -79], pos: BlockPos{x=4015, y=84, z=-1249}, status: minecraft:features, currently generating: ResourceKey[minecraft:worldgen/placed_feature / ancient_elements:end_spire_feature]
[11May2025 06:19:19.771] [Worker-Main-38/ERROR] [net.minecraft.Util/]: Detected setBlock in a far chunk [250, -78], pos: BlockPos{x=4015, y=84, z=-1248}, status: minecraft:features, currently generating: ResourceKey[minecraft:worldgen/placed_feature / ancient_elements:end_spire_feature]
[11May2025 06:19:19.772] [Worker-Main-38/ERROR] [net.minecraft.Util/]: Detected setBlock in a far chunk [250, -78], pos: BlockPos{x=4015, y=84, z=-1247}, status: minecraft:features, currently generating: ResourceKey[minecraft:worldgen/placed_feature / ancient_elements:end_spire_feature]
[11May2025 06:19:19.772] [Worker-Main-38/ERROR] [net.minecraft.Util/]: Detected setBlock in a far chunk [250, -78], pos: BlockPos{x=4015, y=84, z=-1246}, status: minecraft:features, currently generating: ResourceKey[minecraft:worldgen/placed_feature / ancient_elements:end_spire_feature]
[11May2025 06:19:19.772] [Worker-Main-38/ERROR] [net.minecraft.Util/]: Detected setBlock in a far chunk [250, -78], pos: BlockPos{x=4015, y=84, z=-1245}, status: minecraft:features, currently generating: ResourceKey[minecraft:worldgen/placed_feature / ancient_elements:end_spire_feature]
[11May2025 06:19:19.772] [Worker-Main-38/ERROR] [net.minecraft.Util/]: Detected setBlock in a far chunk [250, -78], pos: BlockPos{x=4015, y=84, z=-1244}, status: minecraft:features, currently generating: ResourceKey[minecraft:worldgen/placed_feature / ancient_elements:end_spire_feature]
[11May2025 06:19:19.772] [Worker-Main-38/ERROR] [net.minecraft.Util/]: Detected setBlock in a far chunk [250, -78], pos: BlockPos{x=4015, y=84, z=-1243}, status: minecraft:features, currently generating: ResourceKey[minecraft:worldgen/placed_feature / ancient_elements:end_spire_feature]
[11May2025 06:19:19.772] [Worker-Main-38/ERROR] [net.minecraft.Util/]: Detected setBlock in a far chunk [250, -78], pos: BlockPos{x=4015, y=84, z=-1242}, status: minecraft:features, currently generating: ResourceKey[minecraft:worldgen/placed_feature / ancient_elements:end_spire_feature]
[11May2025 06:19:19.772] [Worker-Main-38/ERROR] [net.minecraft.Util/]: Detected setBlock in a far chunk [250, -78], pos: BlockPos{x=4015, y=84, z=-1241}, status: minecraft:features, currently generating: ResourceKey[minecraft:worldgen/placed_feature / ancient_elements:end_spire_feature]
[11May2025 06:19:19.773] [Worker-Main-38/ERROR] [net.minecraft.Util/]: Detected setBlock in a far chunk [250, -78], pos: BlockPos{x=4015, y=84, z=-1240}, status: minecraft:features, currently generating: ResourceKey[minecraft:worldgen/placed_feature / ancient_elements:end_spire_feature]
[11May2025 06:19:19.773] [Worker-Main-38/ERROR] [net.minecraft.Util/]: Detected setBlock in a far chunk [250, -78], pos: BlockPos{x=4015, y=84, z=-1239}, status: minecraft:features, currently generating: ResourceKey[minecraft:worldgen/placed_feature / ancient_elements:end_spire_feature]
[11May2025 06:19:19.773] [Worker-Main-38/ERROR] [net.minecraft.Util/]: Detected setBlock in a far chunk [250, -78], pos: BlockPos{x=4015, y=84, z=-1238}, status: minecraft:features, currently generating: ResourceKey[minecraft:worldgen/placed_feature / ancient_elements:end_spire_feature]
[11May2025 06:19:19.773] [Worker-Main-38/ERROR] [net.minecraft.Util/]: Detected setBlock in a far chunk [250, -78], pos: BlockPos{x=4015, y=84, z=-1237}, status: minecraft:features, currently generating: ResourceKey[minecraft:worldgen/placed_feature / ancient_elements:end_spire_feature]
[11May2025 06:19:19.773] [Worker-Main-38/ERROR] [net.minecraft.Util/]: Detected setBlock in a far chunk [250, -78], pos: BlockPos{x=4015, y=84, z=-1236}, status: minecraft:features, currently generating: ResourceKey[minecraft:worldgen/placed_feature / ancient_elements:end_spire_feature]
[11May2025 06:19:19.774] [Worker-Main-38/ERROR] [net.minecraft.Util/]: Detected setBlock in a far chunk [250, -79], pos: BlockPos{x=4015, y=85, z=-1252}, status: minecraft:features, currently generating: ResourceKey[minecraft:worldgen/placed_feature / ancient_elements:end_spire_feature]
[11May2025 06:19:19.774] [Worker-Main-38/ERROR] [net.minecraft.Util/]: Detected setBlock in a far chunk [250, -79], pos: BlockPos{x=4015, y=85, z=-1251}, status: minecraft:features, currently generating: ResourceKey[minecraft:worldgen/placed_feature / ancient_elements:end_spire_feature]
[11May2025 06:19:19.774] [Worker-Main-38/ERROR] [net.minecraft.Util/]: Detected setBlock in a far chunk [250, -79], pos: BlockPos{x=4015, y=85, z=-1250}, status: minecraft:features, currently generating: ResourceKey[minecraft:worldgen/placed_feature / ancient_elements:end_spire_feature]
[11May2025 06:19:19.774] [Worker-Main-38/ERROR] [net.minecraft.Util/]: Detected setBlock in a far chunk [250, -79], pos: BlockPos{x=4015, y=85, z=-1249}, status: minecraft:features, currently generating: ResourceKey[minecraft:worldgen/placed_feature / ancient_elements:end_spire_feature]
[11May2025 06:19:19.774] [Worker-Main-38/ERROR] [net.minecraft.Util/]: Detected setBlock in a far chunk [250, -78], pos: BlockPos{x=4015, y=85, z=-1248}, status: minecraft:features, currently generating: ResourceKey[minecraft:worldgen/placed_feature / ancient_elements:end_spire_feature]
[11May2025 06:19:19.774] [Worker-Main-38/ERROR] [net.minecraft.Util/]: Detected setBlock in a far chunk [250, -78], pos: BlockPos{x=4015, y=85, z=-1247}, status: minecraft:features, currently generating: ResourceKey[minecraft:worldgen/placed_feature / ancient_elements:end_spire_feature]
[11May2025 06:19:19.774] [Worker-Main-38/ERROR] [net.minecraft.Util/]: Detected setBlock in a far chunk [250, -78], pos: BlockPos{x=4015, y=85, z=-1246}, status: minecraft:features, currently generating: ResourceKey[minecraft:worldgen/placed_feature / ancient_elements:end_spire_feature]
[11May2025 06:19:19.774] [Worker-Main-38/ERROR] [net.minecraft.Util/]: Detected setBlock in a far chunk [250, -78], pos: BlockPos{x=4015, y=85, z=-1245}, status: minecraft:features, currently generating: ResourceKey[minecraft:worldgen/placed_feature / ancient_elements:end_spire_feature]
[11May2025 06:19:19.775] [Worker-Main-38/ERROR] [net.minecraft.Util/]: Detected setBlock in a far chunk [250, -78], pos: BlockPos{x=4015, y=85, z=-1244}, status: minecraft:features, currently generating: ResourceKey[minecraft:worldgen/placed_feature / ancient_elements:end_spire_feature]
[11May2025 06:19:19.775] [Worker-Main-38/ERROR] [net.minecraft.Util/]: Detected setBlock in a far chunk [250, -78], pos: BlockPos{x=4015, y=85, z=-1243}, status: minecraft:features, currently generating: ResourceKey[minecraft:worldgen/placed_feature / ancient_elements:end_spire_feature]
[11May2025 06:19:19.775] [Worker-Main-38/ERROR] [net.minecraft.Util/]: Detected setBlock in a far chunk [250, -78], pos: BlockPos{x=4015, y=85, z=-1242}, status: minecraft:features, currently generating: ResourceKey[minecraft:worldgen/placed_feature / ancient_elements:end_spire_feature]
[11May2025 06:19:19.775] [Worker-Main-38/ERROR] [net.minecraft.Util/]: Detected setBlock in a far chunk [250, -78], pos: BlockPos{x=4015, y=85, z=-1241}, status: minecraft:features, currently generating: ResourceKey[minecraft:worldgen/placed_feature / ancient_elements:end_spire_feature]
[11May2025 06:19:19.775] [Worker-Main-38/ERROR] [net.minecraft.Util/]: Detected setBlock in a far chunk [250, -78], pos: BlockPos{x=4015, y=85, z=-1240}, status: minecraft:features, currently generating: ResourceKey[minecraft:worldgen/placed_feature / ancient_elements:end_spire_feature]
[11May2025 06:19:19.775] [Worker-Main-38/ERROR] [net.minecraft.Util/]: Detected setBlock in a far chunk [250, -78], pos: BlockPos{x=4015, y=85, z=-1239}, status: minecraft:features, currently generating: ResourceKey[minecraft:worldgen/placed_feature / ancient_elements:end_spire_feature]
[11May2025 06:19:19.775] [Worker-Main-38/ERROR] [net.minecraft.Util/]: Detected setBlock in a far chunk [250, -78], pos: BlockPos{x=4015, y=85, z=-1238}, status: minecraft:features, currently generating: ResourceKey[minecraft:worldgen/placed_feature / ancient_elements:end_spire_feature]
[11May2025 06:19:19.775] [Worker-Main-38/ERROR] [net.minecraft.Util/]: Detected setBlock in a far chunk [250, -78], pos: BlockPos{x=4015, y=85, z=-1237}, status: minecraft:features, currently generating: ResourceKey[minecraft:worldgen/placed_feature / ancient_elements:end_spire_feature]
[11May2025 06:19:19.775] [Worker-Main-38/ERROR] [net.minecraft.Util/]: Detected setBlock in a far chunk [250, -78], pos: BlockPos{x=4015, y=85, z=-1236}, status: minecraft:features, currently generating: ResourceKey[minecraft:worldgen/placed_feature / ancient_elements:end_spire_feature]
[11May2025 06:19:19.776] [Worker-Main-38/ERROR] [net.minecraft.Util/]: Detected setBlock in a far chunk [250, -79], pos: BlockPos{x=4015, y=86, z=-1252}, status: minecraft:features, currently generating: ResourceKey[minecraft:worldgen/placed_feature / ancient_elements:end_spire_feature]
[11May2025 06:19:19.776] [Worker-Main-38/ERROR] [net.minecraft.Util/]: Detected setBlock in a far chunk [250, -79], pos: BlockPos{x=4015, y=86, z=-1251}, status: minecraft:features, currently generating: ResourceKey[minecraft:worldgen/placed_feature / ancient_elements:end_spire_feature]
[11May2025 06:19:19.776] [Worker-Main-38/ERROR] [net.minecraft.Util/]: Detected setBlock in a far chunk [250, -79], pos: BlockPos{x=4015, y=86, z=-1250}, status: minecraft:features, currently generating: ResourceKey[minecraft:worldgen/placed_feature / ancient_elements:end_spire_feature]
[11May2025 06:19:19.776] [Worker-Main-38/ERROR] [net.minecraft.Util/]: Detected setBlock in a far chunk [250, -79], pos: BlockPos{x=4015, y=86, z=-1249}, status: minecraft:features, currently generating: ResourceKey[minecraft:worldgen/placed_feature / ancient_elements:end_spire_feature]
[11May2025 06:19:19.776] [Worker-Main-38/ERROR] [net.minecraft.Util/]: Detected setBlock in a far chunk [250, -78], pos: BlockPos{x=4015, y=86, z=-1248}, status: minecraft:features, currently generating: ResourceKey[minecraft:worldgen/placed_feature / ancient_elements:end_spire_feature]
[11May2025 06:19:19.776] [Worker-Main-38/ERROR] [net.minecraft.Util/]: Detected setBlock in a far chunk [250, -78], pos: BlockPos{x=4015, y=86, z=-1247}, status: minecraft:features, currently generating: ResourceKey[minecraft:worldgen/placed_feature / ancient_elements:end_spire_feature]
[11May2025 06:19:19.776] [Worker-Main-38/ERROR] [net.minecraft.Util/]: Detected setBlock in a far chunk [250, -78], pos: BlockPos{x=4015, y=86, z=-1246}, status: minecraft:features, currently generating: ResourceKey[minecraft:worldgen/placed_feature / ancient_elements:end_spire_feature]
[11May2025 06:19:19.777] [Worker-Main-38/ERROR] [net.minecraft.Util/]: Detected setBlock in a far chunk [250, -78], pos: BlockPos{x=4015, y=86, z=-1245}, status: minecraft:features, currently generating: ResourceKey[minecraft:worldgen/placed_feature / ancient_elements:end_spire_feature]
[11May2025 06:19:19.777] [Worker-Main-38/ERROR] [net.minecraft.Util/]: Detected setBlock in a far chunk [250, -78], pos: BlockPos{x=4015, y=86, z=-1244}, status: minecraft:features, currently generating: ResourceKey[minecraft:worldgen/placed_feature / ancient_elements:end_spire_feature]
[11May2025 06:19:19.777] [Worker-Main-38/ERROR] [net.minecraft.Util/]: Detected setBlock in a far chunk [250, -78], pos: BlockPos{x=4015, y=86, z=-1243}, status: minecraft:features, currently generating: ResourceKey[minecraft:worldgen/placed_feature / ancient_elements:end_spire_feature]
[11May2025 06:19:19.777] [Worker-Main-38/ERROR] [net.minecraft.Util/]: Detected setBlock in a far chunk [250, -78], pos: BlockPos{x=4015, y=86, z=-1242}, status: minecraft:features, currently generating: ResourceKey[minecraft:worldgen/placed_feature / ancient_elements:end_spire_feature]
[11May2025 06:19:19.777] [Worker-Main-38/ERROR] [net.minecraft.Util/]: Detected setBlock in a far chunk [250, -78], pos: BlockPos{x=4015, y=86, z=-1241}, status: minecraft:features, currently generating: ResourceKey[minecraft:worldgen/placed_feature / ancient_elements:end_spire_feature]
[11May2025 06:19:19.778] [Worker-Main-38/ERROR] [net.minecraft.Util/]: Detected setBlock in a far chunk [250, -78], pos: BlockPos{x=4015, y=86, z=-1240}, status: minecraft:features, currently generating: ResourceKey[minecraft:worldgen/placed_feature / ancient_elements:end_spire_feature]
[11May2025 06:19:19.778] [Worker-Main-38/ERROR] [net.minecraft.Util/]: Detected setBlock in a far chunk [250, -78], pos: BlockPos{x=4015, y=86, z=-1239}, status: minecraft:features, currently generating: ResourceKey[minecraft:worldgen/placed_feature / ancient_elements:end_spire_feature]
[11May2025 06:19:19.778] [Worker-Main-38/ERROR] [net.minecraft.Util/]: Detected setBlock in a far chunk [250, -78], pos: BlockPos{x=4015, y=86, z=-1238}, status: minecraft:features, currently generating: ResourceKey[minecraft:worldgen/placed_feature / ancient_elements:end_spire_feature]
[11May2025 06:19:19.778] [Worker-Main-38/ERROR] [net.minecraft.Util/]: Detected setBlock in a far chunk [250, -78], pos: BlockPos{x=4015, y=86, z=-1237}, status: minecraft:features, currently generating: ResourceKey[minecraft:worldgen/placed_feature / ancient_elements:end_spire_feature]
[11May2025 06:19:19.778] [Worker-Main-38/ERROR] [net.minecraft.Util/]: Detected setBlock in a far chunk [250, -78], pos: BlockPos{x=4015, y=86, z=-1236}, status: minecraft:features, currently generating: ResourceKey[minecraft:worldgen/placed_feature / ancient_elements:end_spire_feature]
[11May2025 06:19:19.779] [Worker-Main-38/ERROR] [net.minecraft.Util/]: Detected setBlock in a far chunk [250, -79], pos: BlockPos{x=4015, y=87, z=-1252}, status: minecraft:features, currently generating: ResourceKey[minecraft:worldgen/placed_feature / ancient_elements:end_spire_feature]
[11May2025 06:19:19.779] [Worker-Main-38/ERROR] [net.minecraft.Util/]: Detected setBlock in a far chunk [250, -79], pos: BlockPos{x=4015, y=87, z=-1251}, status: minecraft:features, currently generating: ResourceKey[minecraft:worldgen/placed_feature / ancient_elements:end_spire_feature]
[11May2025 06:19:19.779] [Worker-Main-38/ERROR] [net.minecraft.Util/]: Detected setBlock in a far chunk [250, -79], pos: BlockPos{x=4015, y=87, z=-1250}, status: minecraft:features, currently generating: ResourceKey[minecraft:worldgen/placed_feature / ancient_elements:end_spire_feature]
[11May2025 06:19:19.779] [Worker-Main-38/ERROR] [net.minecraft.Util/]: Detected setBlock in a far chunk [250, -79], pos: BlockPos{x=4015, y=87, z=-1249}, status: minecraft:features, currently generating: ResourceKey[minecraft:worldgen/placed_feature / ancient_elements:end_spire_feature]
[11May2025 06:19:19.780] [Worker-Main-38/ERROR] [net.minecraft.Util/]: Detected setBlock in a far chunk [250, -78], pos: BlockPos{x=4015, y=87, z=-1248}, status: minecraft:features, currently generating: ResourceKey[minecraft:worldgen/placed_feature / ancient_elements:end_spire_feature]
[11May2025 06:19:19.780] [Worker-Main-38/ERROR] [net.minecraft.Util/]: Detected setBlock in a far chunk [250, -78], pos: BlockPos{x=4015, y=87, z=-1247}, status: minecraft:features, currently generating: ResourceKey[minecraft:worldgen/placed_feature / ancient_elements:end_spire_feature]
[11May2025 06:19:19.780] [Worker-Main-38/ERROR] [net.minecraft.Util/]: Detected setBlock in a far chunk [250, -78], pos: BlockPos{x=4015, y=87, z=-1246}, status: minecraft:features, currently generating: ResourceKey[minecraft:worldgen/placed_feature / ancient_elements:end_spire_feature]
[11May2025 06:19:19.780] [Worker-Main-38/ERROR] [net.minecraft.Util/]: Detected setBlock in a far chunk [250, -78], pos: BlockPos{x=4015, y=87, z=-1245}, status: minecraft:features, currently generating: ResourceKey[minecraft:worldgen/placed_feature / ancient_elements:end_spire_feature]
[11May2025 06:19:19.780] [Worker-Main-38/ERROR] [net.minecraft.Util/]: Detected setBlock in a far chunk [250, -78], pos: BlockPos{x=4015, y=87, z=-1244}, status: minecraft:features, currently generating: ResourceKey[minecraft:worldgen/placed_feature / ancient_elements:end_spire_feature]
[11May2025 06:19:19.780] [Worker-Main-38/ERROR] [net.minecraft.Util/]: Detected setBlock in a far chunk [250, -78], pos: BlockPos{x=4015, y=87, z=-1243}, status: minecraft:features, currently generating: ResourceKey[minecraft:worldgen/placed_feature / ancient_elements:end_spire_feature]
[11May2025 06:19:55.217] [Worker-Main-38/ERROR] [net.minecraft.Util/]: Detected setBlock in a far chunk [250, -78], pos: BlockPos{x=4015, y=87, z=-1242}, status: minecraft:features, currently generating: ResourceKey[minecraft:worldgen/placed_feature / ancient_elements:end_spire_feature]
[11May2025 06:19:55.217] [Worker-Main-38/ERROR] [net.minecraft.Util/]: Detected setBlock in a far chunk [250, -78], pos: BlockPos{x=4015, y=87, z=-1241}, status: minecraft:features, currently generating: ResourceKey[minecraft:worldgen/placed_feature / ancient_elements:end_spire_feature]
[11May2025 06:19:55.217] [Worker-Main-38/ERROR] [net.minecraft.Util/]: Detected setBlock in a far chunk [250, -78], pos: BlockPos{x=4015, y=87, z=-1240}, status: minecraft:features, currently generating: ResourceKey[minecraft:worldgen/placed_feature / ancient_elements:end_spire_feature]
[11May2025 06:19:55.217] [Worker-Main-38/ERROR] [net.minecraft.Util/]: Detected setBlock in a far chunk [250, -78], pos: BlockPos{x=4015, y=87, z=-1239}, status: minecraft:features, currently generating: ResourceKey[minecraft:worldgen/placed_feature / ancient_elements:end_spire_feature]
[11May2025 06:19:55.218] [Worker-Main-38/ERROR] [net.minecraft.Util/]: Detected setBlock in a far chunk [250, -78], pos: BlockPos{x=4015, y=87, z=-1238}, status: minecraft:features, currently generating: ResourceKey[minecraft:worldgen/placed_feature / ancient_elements:end_spire_feature]
[11May2025 06:19:55.218] [Worker-Main-38/ERROR] [net.minecraft.Util/]: Detected setBlock in a far chunk [250, -78], pos: BlockPos{x=4015, y=87, z=-1237}, status: minecraft:features, currently generating: ResourceKey[minecraft:worldgen/placed_feature / ancient_elements:end_spire_feature]
[11May2025 06:19:55.218] [Worker-Main-38/ERROR] [net.minecraft.Util/]: Detected setBlock in a far chunk [250, -78], pos: BlockPos{x=4015, y=87, z=-1236}, status: minecraft:features, currently generating: ResourceKey[minecraft:worldgen/placed_feature / ancient_elements:end_spire_feature]
[11May2025 06:19:55.218] [Worker-Main-38/ERROR] [net.minecraft.Util/]: Detected setBlock in a far chunk [250, -79], pos: BlockPos{x=4015, y=88, z=-1252}, status: minecraft:features, currently generating: ResourceKey[minecraft:worldgen/placed_feature / ancient_elements:end_spire_feature]
[11May2025 06:19:55.218] [Worker-Main-38/ERROR] [net.minecraft.Util/]: Detected setBlock in a far chunk [250, -79], pos: BlockPos{x=4015, y=88, z=-1251}, status: minecraft:features, currently generating: ResourceKey[minecraft:worldgen/placed_feature / ancient_elements:end_spire_feature]
[11May2025 06:19:55.218] [Worker-Main-38/ERROR] [net.minecraft.Util/]: Detected setBlock in a far chunk [250, -79], pos: BlockPos{x=4015, y=88, z=-1250}, status: minecraft:features, currently generating: ResourceKey[minecraft:worldgen/placed_feature / ancient_elements:end_spire_feature]
[11May2025 06:19:55.219] [Worker-Main-38/ERROR] [net.minecraft.Util/]: Detected setBlock in a far chunk [250, -79], pos: BlockPos{x=4015, y=88, z=-1249}, status: minecraft:features, currently generating: ResourceKey[minecraft:worldgen/placed_feature / ancient_elements:end_spire_feature]
[11May2025 06:19:55.219] [Worker-Main-38/ERROR] [net.minecraft.Util/]: Detected setBlock in a far chunk [250, -78], pos: BlockPos{x=4015, y=88, z=-1248}, status: minecraft:features, currently generating: ResourceKey[minecraft:worldgen/placed_feature / ancient_elements:end_spire_feature]
[11May2025 06:19:55.219] [Worker-Main-38/ERROR] [net.minecraft.Util/]: Detected setBlock in a far chunk [250, -78], pos: BlockPos{x=4015, y=88, z=-1247}, status: minecraft:features, currently generating: ResourceKey[minecraft:worldgen/placed_feature / ancient_elements:end_spire_feature]
[11May2025 06:19:55.219] [Worker-Main-38/ERROR] [net.minecraft.Util/]: Detected setBlock in a far chunk [250, -78], pos: BlockPos{x=4015, y=88, z=-1246}, status: minecraft:features, currently generating: ResourceKey[minecraft:worldgen/placed_feature / ancient_elements:end_spire_feature]
[11May2025 06:19:55.219] [Worker-Main-38/ERROR] [net.minecraft.Util/]: Detected setBlock in a far chunk [250, -78], pos: BlockPos{x=4015, y=88, z=-1245}, status: minecraft:features, currently generating: ResourceKey[minecraft:worldgen/placed_feature / ancient_elements:end_spire_feature]
[11May2025 06:19:55.219] [Worker-Main-38/ERROR] [net.minecraft.Util/]: Detected setBlock in a far chunk [250, -78], pos: BlockPos{x=4015, y=88, z=-1244}, status: minecraft:features, currently generating: ResourceKey[minecraft:worldgen/placed_feature / ancient_elements:end_spire_feature]
[11May2025 06:19:55.219] [Worker-Main-38/ERROR] [net.minecraft.Util/]: Detected setBlock in a far chunk [250, -78], pos: BlockPos{x=4015, y=88, z=-1243}, status: minecraft:features, currently generating: ResourceKey[minecraft:worldgen/placed_feature / ancient_elements:end_spire_feature]
[11May2025 06:19:55.219] [Worker-Main-38/ERROR] [net.minecraft.Util/]: Detected setBlock in a far chunk [250, -78], pos: BlockPos{x=4015, y=88, z=-1242}, status: minecraft:features, currently generating: ResourceKey[minecraft:worldgen/placed_feature / ancient_elements:end_spire_feature]
[11May2025 06:19:55.220] [Worker-Main-38/ERROR] [net.minecraft.Util/]: Detected setBlock in a far chunk [250, -78], pos: BlockPos{x=4015, y=88, z=-1241}, status: minecraft:features, currently generating: ResourceKey[minecraft:worldgen/placed_feature / ancient_elements:end_spire_feature]
[11May2025 06:19:55.220] [Worker-Main-38/ERROR] [net.minecraft.Util/]: Detected setBlock in a far chunk [250, -78], pos: BlockPos{x=4015, y=88, z=-1240}, status: minecraft:features, currently generating: ResourceKey[minecraft:worldgen/placed_feature / ancient_elements:end_spire_feature]
[11May2025 06:19:55.220] [Worker-Main-38/ERROR] [net.minecraft.Util/]: Detected setBlock in a far chunk [250, -78], pos: BlockPos{x=4015, y=88, z=-1239}, status: minecraft:features, currently generating: ResourceKey[minecraft:worldgen/placed_feature / ancient_elements:end_spire_feature]
[11May2025 06:19:55.220] [Worker-Main-38/ERROR] [net.minecraft.Util/]: Detected setBlock in a far chunk [250, -78], pos: BlockPos{x=4015, y=88, z=-1238}, status: minecraft:features, currently generating: ResourceKey[minecraft:worldgen/placed_feature / ancient_elements:end_spire_feature]
[11May2025 06:19:55.220] [Worker-Main-38/ERROR] [net.minecraft.Util/]: Detected setBlock in a far chunk [250, -78], pos: BlockPos{x=4015, y=88, z=-1237}, status: minecraft:features, currently generating: ResourceKey[minecraft:worldgen/placed_feature / ancient_elements:end_spire_feature]
[11May2025 06:19:55.220] [Worker-Main-38/ERROR] [net.minecraft.Util/]: Detected setBlock in a far chunk [250, -78], pos: BlockPos{x=4015, y=88, z=-1236}, status: minecraft:features, currently generating: ResourceKey[minecraft:worldgen/placed_feature / ancient_elements:end_spire_feature]
[11May2025 06:19:55.220] [Worker-Main-38/ERROR] [net.minecraft.Util/]: Detected setBlock in a far chunk [250, -79], pos: BlockPos{x=4015, y=89, z=-1252}, status: minecraft:features, currently generating: ResourceKey[minecraft:worldgen/placed_feature / ancient_elements:end_spire_feature]
[11May2025 06:19:55.221] [Worker-Main-38/ERROR] [net.minecraft.Util/]: Detected setBlock in a far chunk [250, -79], pos: BlockPos{x=4015, y=89, z=-1251}, status: minecraft:features, currently generating: ResourceKey[minecraft:worldgen/placed_feature / ancient_elements:end_spire_feature]
[11May2025 06:19:55.221] [Worker-Main-38/ERROR] [net.minecraft.Util/]: Detected setBlock in a far chunk [250, -79], pos: BlockPos{x=4015, y=89, z=-1250}, status: minecraft:features, currently generating: ResourceKey[minecraft:worldgen/placed_feature / ancient_elements:end_spire_feature]
[11May2025 06:19:55.221] [Worker-Main-38/ERROR] [net.minecraft.Util/]: Detected setBlock in a far chunk [250, -79], pos: BlockPos{x=4015, y=89, z=-1249}, status: minecraft:features, currently generating: ResourceKey[minecraft:worldgen/placed_feature / ancient_elements:end_spire_feature]
[11May2025 06:19:55.221] [Worker-Main-38/ERROR] [net.minecraft.Util/]: Detected setBlock in a far chunk [250, -78], pos: BlockPos{x=4015, y=89, z=-1248}, status: minecraft:features, currently generating: ResourceKey[minecraft:worldgen/placed_feature / ancient_elements:end_spire_feature]
[11May2025 06:19:55.221] [Worker-Main-38/ERROR] [net.minecraft.Util/]: Detected setBlock in a far chunk [250, -78], pos: BlockPos{x=4015, y=89, z=-1247}, status: minecraft:features, currently generating: ResourceKey[minecraft:worldgen/placed_feature / ancient_elements:end_spire_feature]
[11May2025 06:19:55.221] [Worker-Main-38/ERROR] [net.minecraft.Util/]: Detected setBlock in a far chunk [250, -78], pos: BlockPos{x=4015, y=89, z=-1246}, status: minecraft:features, currently generating: ResourceKey[minecraft:worldgen/placed_feature / ancient_elements:end_spire_feature]
[11May2025 06:19:55.221] [Worker-Main-38/ERROR] [net.minecraft.Util/]: Detected setBlock in a far chunk [250, -78], pos: BlockPos{x=4015, y=89, z=-1245}, status: minecraft:features, currently generating: ResourceKey[minecraft:worldgen/placed_feature / ancient_elements:end_spire_feature]
[11May2025 06:19:55.221] [Worker-Main-38/ERROR] [net.minecraft.Util/]: Detected setBlock in a far chunk [250, -78], pos: BlockPos{x=4015, y=89, z=-1244}, status: minecraft:features, currently generating: ResourceKey[minecraft:worldgen/placed_feature / ancient_elements:end_spire_feature]
[11May2025 06:19:55.221] [Worker-Main-38/ERROR] [net.minecraft.Util/]: Detected setBlock in a far chunk [250, -78], pos: BlockPos{x=4015, y=89, z=-1243}, status: minecraft:features, currently generating: ResourceKey[minecraft:worldgen/placed_feature / ancient_elements:end_spire_feature]
[11May2025 06:19:55.221] [Worker-Main-38/ERROR] [net.minecraft.Util/]: Detected setBlock in a far chunk [250, -78], pos: BlockPos{x=4015, y=89, z=-1242}, status: minecraft:features, currently generating: ResourceKey[minecraft:worldgen/placed_feature / ancient_elements:end_spire_feature]
[11May2025 06:19:55.221] [Worker-Main-38/ERROR] [net.minecraft.Util/]: Detected setBlock in a far chunk [250, -78], pos: BlockPos{x=4015, y=89, z=-1241}, status: minecraft:features, currently generating: ResourceKey[minecraft:worldgen/placed_feature / ancient_elements:end_spire_feature]
[11May2025 06:19:55.221] [Worker-Main-38/ERROR] [net.minecraft.Util/]: Detected setBlock in a far chunk [250, -78], pos: BlockPos{x=4015, y=89, z=-1240}, status: minecraft:features, currently generating: ResourceKey[minecraft:worldgen/placed_feature / ancient_elements:end_spire_feature]
[11May2025 06:19:55.221] [Worker-Main-38/ERROR] [net.minecraft.Util/]: Detected setBlock in a far chunk [250, -78], pos: BlockPos{x=4015, y=89, z=-1239}, status: minecraft:features, currently generating: ResourceKey[minecraft:worldgen/placed_feature / ancient_elements:end_spire_feature]
[11May2025 06:19:55.222] [Worker-Main-38/ERROR] [net.minecraft.Util/]: Detected setBlock in a far chunk [250, -78], pos: BlockPos{x=4015, y=89, z=-1238}, status: minecraft:features, currently generating: ResourceKey[minecraft:worldgen/placed_feature / ancient_elements:end_spire_feature]
[11May2025 06:19:55.222] [Worker-Main-38/ERROR] [net.minecraft.Util/]: Detected setBlock in a far chunk [250, -78], pos: BlockPos{x=4015, y=89, z=-1237}, status: minecraft:features, currently generating: ResourceKey[minecraft:worldgen/placed_feature / ancient_elements:end_spire_feature]
[11May2025 06:19:55.222] [Worker-Main-38/ERROR] [net.minecraft.Util/]: Detected setBlock in a far chunk [250, -78], pos: BlockPos{x=4015, y=89, z=-1236}, status: minecraft:features, currently generating: ResourceKey[minecraft:worldgen/placed_feature / ancient_elements:end_spire_feature]
[11May2025 06:19:55.223] [Worker-Main-38/ERROR] [net.minecraft.Util/]: Detected setBlock in a far chunk [250, -79], pos: BlockPos{x=4015, y=90, z=-1252}, status: minecraft:features, currently generating: ResourceKey[minecraft:worldgen/placed_feature / ancient_elements:end_spire_feature]
[11May2025 06:19:55.223] [Worker-Main-38/ERROR] [net.minecraft.Util/]: Detected setBlock in a far chunk [250, -79], pos: BlockPos{x=4015, y=90, z=-1251}, status: minecraft:features, currently generating: ResourceKey[minecraft:worldgen/placed_feature / ancient_elements:end_spire_feature]
[11May2025 06:19:55.223] [Worker-Main-38/ERROR] [net.minecraft.Util/]: Detected setBlock in a far chunk [250, -79], pos: BlockPos{x=4015, y=90, z=-1250}, status: minecraft:features, currently generating: ResourceKey[minecraft:worldgen/placed_feature / ancient_elements:end_spire_feature]
[11May2025 06:19:55.223] [Worker-Main-38/ERROR] [net.minecraft.Util/]: Detected setBlock in a far chunk [250, -79], pos: BlockPos{x=4015, y=90, z=-1249}, status: minecraft:features, currently generating: ResourceKey[minecraft:worldgen/placed_feature / ancient_elements:end_spire_feature]
[11May2025 06:19:55.223] [Worker-Main-38/ERROR] [net.minecraft.Util/]: Detected setBlock in a far chunk [250, -78], pos: BlockPos{x=4015, y=90, z=-1248}, status: minecraft:features, currently generating: ResourceKey[minecraft:worldgen/placed_feature / ancient_elements:end_spire_feature]
[11May2025 06:19:55.224] [Worker-Main-38/ERROR] [net.minecraft.Util/]: Detected setBlock in a far chunk [250, -78], pos: BlockPos{x=4015, y=90, z=-1247}, status: minecraft:features, currently generating: ResourceKey[minecraft:worldgen/placed_feature / ancient_elements:end_spire_feature]
[11May2025 06:19:55.224] [Worker-Main-38/ERROR] [net.minecraft.Util/]: Detected setBlock in a far chunk [250, -78], pos: BlockPos{x=4015, y=90, z=-1246}, status: minecraft:features, currently generating: ResourceKey[minecraft:worldgen/placed_feature / ancient_elements:end_spire_feature]
[11May2025 06:19:55.224] [Worker-Main-38/ERROR] [net.minecraft.Util/]: Detected setBlock in a far chunk [250, -78], pos: BlockPos{x=4015, y=90, z=-1245}, status: minecraft:features, currently generating: ResourceKey[minecraft:worldgen/placed_feature / ancient_elements:end_spire_feature]
[11May2025 06:19:55.226] [Worker-Main-38/ERROR] [net.minecraft.Util/]: Detected setBlock in a far chunk [250, -78], pos: BlockPos{x=4015, y=90, z=-1244}, status: minecraft:features, currently generating: ResourceKey[minecraft:worldgen/placed_feature / ancient_elements:end_spire_feature]
[11May2025 06:19:55.226] [Worker-Main-38/ERROR] [net.minecraft.Util/]: Detected setBlock in a far chunk [250, -78], pos: BlockPos{x=4015, y=90, z=-1243}, status: minecraft:features, currently generating: ResourceKey[minecraft:worldgen/placed_feature / ancient_elements:end_spire_feature]
[11May2025 06:19:55.226] [Worker-Main-38/ERROR] [net.minecraft.Util/]: Detected setBlock in a far chunk [250, -78], pos: BlockPos{x=4015, y=90, z=-1242}, status: minecraft:features, currently generating: ResourceKey[minecraft:worldgen/placed_feature / ancient_elements:end_spire_feature]
[11May2025 06:19:55.226] [Worker-Main-38/ERROR] [net.minecraft.Util/]: Detected setBlock in a far chunk [250, -78], pos: BlockPos{x=4015, y=90, z=-1241}, status: minecraft:features, currently generating: ResourceKey[minecraft:worldgen/placed_feature / ancient_elements:end_spire_feature]
[11May2025 06:19:55.227] [Worker-Main-38/ERROR] [net.minecraft.Util/]: Detected setBlock in a far chunk [250, -78], pos: BlockPos{x=4015, y=90, z=-1240}, status: minecraft:features, currently generating: ResourceKey[minecraft:worldgen/placed_feature / ancient_elements:end_spire_feature]
[11May2025 06:19:55.227] [Worker-Main-38/ERROR] [net.minecraft.Util/]: Detected setBlock in a far chunk [250, -78], pos: BlockPos{x=4015, y=90, z=-1239}, status: minecraft:features, currently generating: ResourceKey[minecraft:worldgen/placed_feature / ancient_elements:end_spire_feature]
[11May2025 06:19:55.227] [Worker-Main-38/ERROR] [net.minecraft.Util/]: Detected setBlock in a far chunk [250, -78], pos: BlockPos{x=4015, y=90, z=-1238}, status: minecraft:features, currently generating: ResourceKey[minecraft:worldgen/placed_feature / ancient_elements:end_spire_feature]
[11May2025 06:19:55.228] [Worker-Main-38/ERROR] [net.minecraft.Util/]: Detected setBlock in a far chunk [250, -78], pos: BlockPos{x=4015, y=90, z=-1237}, status: minecraft:features, currently generating: ResourceKey[minecraft:worldgen/placed_feature / ancient_elements:end_spire_feature]
[11May2025 06:19:55.228] [Worker-Main-38/ERROR] [net.minecraft.Util/]: Detected setBlock in a far chunk [250, -78], pos: BlockPos{x=4015, y=90, z=-1236}, status: minecraft:features, currently generating: ResourceKey[minecraft:worldgen/placed_feature / ancient_elements:end_spire_feature]
[11May2025 06:19:55.228] [Worker-Main-38/ERROR] [net.minecraft.Util/]: Detected setBlock in a far chunk [250, -79], pos: BlockPos{x=4015, y=91, z=-1252}, status: minecraft:features, currently generating: ResourceKey[minecraft:worldgen/placed_feature / ancient_elements:end_spire_feature]
[11May2025 06:19:55.229] [Worker-Main-38/ERROR] [net.minecraft.Util/]: Detected setBlock in a far chunk [250, -79], pos: BlockPos{x=4015, y=91, z=-1251}, status: minecraft:features, currently generating: ResourceKey[minecraft:worldgen/placed_feature / ancient_elements:end_spire_feature]
[11May2025 06:19:55.230] [Worker-Main-38/ERROR] [net.minecraft.Util/]: Detected setBlock in a far chunk [250, -79], pos: BlockPos{x=4015, y=91, z=-1250}, status: minecraft:features, currently generating: ResourceKey[minecraft:worldgen/placed_feature / ancient_elements:end_spire_feature]
[11May2025 06:19:55.230] [Worker-Main-38/ERROR] [net.minecraft.Util/]: Detected setBlock in a far chunk [250, -79], pos: BlockPos{x=4015, y=91, z=-1249}, status: minecraft:features, currently generating: ResourceKey[minecraft:worldgen/placed_feature / ancient_elements:end_spire_feature]
[11May2025 06:19:55.230] [Worker-Main-38/ERROR] [net.minecraft.Util/]: Detected setBlock in a far chunk [250, -78], pos: BlockPos{x=4015, y=91, z=-1248}, status: minecraft:features, currently generating: ResourceKey[minecraft:worldgen/placed_feature / ancient_elements:end_spire_feature]
[11May2025 06:19:55.231] [Worker-Main-38/ERROR] [net.minecraft.Util/]: Detected setBlock in a far chunk [250, -78], pos: BlockPos{x=4015, y=91, z=-1247}, status: minecraft:features, currently generating: ResourceKey[minecraft:worldgen/placed_feature / ancient_elements:end_spire_feature]
[11May2025 06:19:55.231] [Worker-Main-38/ERROR] [net.minecraft.Util/]: Detected setBlock in a far chunk [250, -78], pos: BlockPos{x=4015, y=91, z=-1246}, status: minecraft:features, currently generating: ResourceKey[minecraft:worldgen/placed_feature / ancient_elements:end_spire_feature]
[11May2025 06:19:55.231] [Worker-Main-38/ERROR] [net.minecraft.Util/]: Detected setBlock in a far chunk [250, -78], pos: BlockPos{x=4015, y=91, z=-1245}, status: minecraft:features, currently generating: ResourceKey[minecraft:worldgen/placed_feature / ancient_elements:end_spire_feature]
[11May2025 06:19:55.231] [Worker-Main-38/ERROR] [net.minecraft.Util/]: Detected setBlock in a far chunk [250, -78], pos: BlockPos{x=4015, y=91, z=-1244}, status: minecraft:features, currently generating: ResourceKey[minecraft:worldgen/placed_feature / ancient_elements:end_spire_feature]
[11May2025 06:19:55.232] [Worker-Main-38/ERROR] [net.minecraft.Util/]: Detected setBlock in a far chunk [250, -78], pos: BlockPos{x=4015, y=91, z=-1243}, status: minecraft:features, currently generating: ResourceKey[minecraft:worldgen/placed_feature / ancient_elements:end_spire_feature]
[11May2025 06:19:55.232] [Worker-Main-38/ERROR] [net.minecraft.Util/]: Detected setBlock in a far chunk [250, -78], pos: BlockPos{x=4015, y=91, z=-1242}, status: minecraft:features, currently generating: ResourceKey[minecraft:worldgen/placed_feature / ancient_elements:end_spire_feature]
[11May2025 06:19:55.232] [Worker-Main-38/ERROR] [net.minecraft.Util/]: Detected setBlock in a far chunk [250, -78], pos: BlockPos{x=4015, y=91, z=-1241}, status: minecraft:features, currently generating: ResourceKey[minecraft:worldgen/placed_feature / ancient_elements:end_spire_feature]
[11May2025 06:19:55.232] [Worker-Main-38/ERROR] [net.minecraft.Util/]: Detected setBlock in a far chunk [250, -78], pos: BlockPos{x=4015, y=91, z=-1240}, status: minecraft:features, currently generating: ResourceKey[minecraft:worldgen/placed_feature / ancient_elements:end_spire_feature]
[11May2025 06:19:55.233] [Worker-Main-38/ERROR] [net.minecraft.Util/]: Detected setBlock in a far chunk [250, -78], pos: BlockPos{x=4015, y=91, z=-1239}, status: minecraft:features, currently generating: ResourceKey[minecraft:worldgen/placed_feature / ancient_elements:end_spire_feature]
[11May2025 06:19:55.234] [Worker-Main-38/ERROR] [net.minecraft.Util/]: Detected setBlock in a far chunk [250, -78], pos: BlockPos{x=4015, y=91, z=-1238}, status: minecraft:features, currently generating: ResourceKey[minecraft:worldgen/placed_feature / ancient_elements:end_spire_feature]
[11May2025 06:19:55.234] [Worker-Main-38/ERROR] [net.minecraft.Util/]: Detected setBlock in a far chunk [250, -78], pos: BlockPos{x=4015, y=91, z=-1237}, status: minecraft:features, currently generating: ResourceKey[minecraft:worldgen/placed_feature / ancient_elements:end_spire_feature]
[11May2025 06:19:55.234] [Worker-Main-38/ERROR] [net.minecraft.Util/]: Detected setBlock in a far chunk [250, -78], pos: BlockPos{x=4015, y=91, z=-1236}, status: minecraft:features, currently generating: ResourceKey[minecraft:worldgen/placed_feature / ancient_elements:end_spire_feature]
[11May2025 06:19:55.235] [Worker-Main-38/ERROR] [net.minecraft.Util/]: Detected setBlock in a far chunk [250, -79], pos: BlockPos{x=4015, y=92, z=-1252}, status: minecraft:features, currently generating: ResourceKey[minecraft:worldgen/placed_feature / ancient_elements:end_spire_feature]
[11May2025 06:19:55.235] [Worker-Main-38/ERROR] [net.minecraft.Util/]: Detected setBlock in a far chunk [250, -79], pos: BlockPos{x=4015, y=92, z=-1251}, status: minecraft:features, currently generating: ResourceKey[minecraft:worldgen/placed_feature / ancient_elements:end_spire_feature]
[11May2025 06:19:55.235] [Worker-Main-38/ERROR] [net.minecraft.Util/]: Detected setBlock in a far chunk [250, -79], pos: BlockPos{x=4015, y=92, z=-1250}, status: minecraft:features, currently generating: ResourceKey[minecraft:worldgen/placed_feature / ancient_elements:end_spire_feature]
[11May2025 06:19:55.235] [Worker-Main-38/ERROR] [net.minecraft.Util/]: Detected setBlock in a far chunk [250, -79], pos: BlockPos{x=4015, y=92, z=-1249}, status: minecraft:features, currently generating: ResourceKey[minecraft:worldgen/placed_feature / ancient_elements:end_spire_feature]
[11May2025 06:19:55.235] [Worker-Main-38/ERROR] [net.minecraft.Util/]: Detected setBlock in a far chunk [250, -78], pos: BlockPos{x=4015, y=92, z=-1248}, status: minecraft:features, currently generating: ResourceKey[minecraft:worldgen/placed_feature / ancient_elements:end_spire_feature]
[11May2025 06:19:55.235] [Worker-Main-38/ERROR] [net.minecraft.Util/]: Detected setBlock in a far chunk [250, -78], pos: BlockPos{x=4015, y=92, z=-1247}, status: minecraft:features, currently generating: ResourceKey[minecraft:worldgen/placed_feature / ancient_elements:end_spire_feature]
[11May2025 06:19:55.235] [Worker-Main-38/ERROR] [net.minecraft.Util/]: Detected setBlock in a far chunk [250, -78], pos: BlockPos{x=4015, y=92, z=-1246}, status: minecraft:features, currently generating: ResourceKey[minecraft:worldgen/placed_feature / ancient_elements:end_spire_feature]
[11May2025 06:19:55.235] [Worker-Main-38/ERROR] [net.minecraft.Util/]: Detected setBlock in a far chunk [250, -78], pos: BlockPos{x=4015, y=92, z=-1245}, status: minecraft:features, currently generating: ResourceKey[minecraft:worldgen/placed_feature / ancient_elements:end_spire_feature]
[11May2025 06:19:55.236] [Worker-Main-38/ERROR] [net.minecraft.Util/]: Detected setBlock in a far chunk [250, -78], pos: BlockPos{x=4015, y=92, z=-1244}, status: minecraft:features, currently generating: ResourceKey[minecraft:worldgen/placed_feature / ancient_elements:end_spire_feature]
[11May2025 06:19:55.236] [Worker-Main-38/ERROR] [net.minecraft.Util/]: Detected setBlock in a far chunk [250, -78], pos: BlockPos{x=4015, y=92, z=-1243}, status: minecraft:features, currently generating: ResourceKey[minecraft:worldgen/placed_feature / ancient_elements:end_spire_feature]
[11May2025 06:19:55.236] [Worker-Main-38/ERROR] [net.minecraft.Util/]: Detected setBlock in a far chunk [250, -78], pos: BlockPos{x=4015, y=92, z=-1242}, status: minecraft:features, currently generating: ResourceKey[minecraft:worldgen/placed_feature / ancient_elements:end_spire_feature]
[11May2025 06:19:55.236] [Worker-Main-38/ERROR] [net.minecraft.Util/]: Detected setBlock in a far chunk [250, -78], pos: BlockPos{x=4015, y=92, z=-1241}, status: minecraft:features, currently generating: ResourceKey[minecraft:worldgen/placed_feature / ancient_elements:end_spire_feature]
[11May2025 06:19:55.236] [Worker-Main-38/ERROR] [net.minecraft.Util/]: Detected setBlock in a far chunk [250, -78], pos: BlockPos{x=4015, y=92, z=-1240}, status: minecraft:features, currently generating: ResourceKey[minecraft:worldgen/placed_feature / ancient_elements:end_spire_feature]
[11May2025 06:19:55.236] [Worker-Main-38/ERROR] [net.minecraft.Util/]: Detected setBlock in a far chunk [250, -78], pos: BlockPos{x=4015, y=92, z=-1239}, status: minecraft:features, currently generating: ResourceKey[minecraft:worldgen/placed_feature / ancient_elements:end_spire_feature]
[11May2025 06:19:55.236] [Worker-Main-38/ERROR] [net.minecraft.Util/]: Detected setBlock in a far chunk [250, -78], pos: BlockPos{x=4015, y=92, z=-1238}, status: minecraft:features, currently generating: ResourceKey[minecraft:worldgen/placed_feature / ancient_elements:end_spire_feature]
[11May2025 06:19:55.236] [Worker-Main-38/ERROR] [net.minecraft.Util/]: Detected setBlock in a far chunk [250, -78], pos: BlockPos{x=4015, y=92, z=-1237}, status: minecraft:features, currently generating: ResourceKey[minecraft:worldgen/placed_feature / ancient_elements:end_spire_feature]
[11May2025 06:19:55.237] [Worker-Main-38/ERROR] [net.minecraft.Util/]: Detected setBlock in a far chunk [250, -78], pos: BlockPos{x=4015, y=92, z=-1236}, status: minecraft:features, currently generating: ResourceKey[minecraft:worldgen/placed_feature / ancient_elements:end_spire_feature]
[11May2025 06:19:55.237] [Worker-Main-38/ERROR] [net.minecraft.Util/]: Detected setBlock in a far chunk [250, -79], pos: BlockPos{x=4015, y=93, z=-1252}, status: minecraft:features, currently generating: ResourceKey[minecraft:worldgen/placed_feature / ancient_elements:end_spire_feature]
[11May2025 06:19:55.237] [Worker-Main-38/ERROR] [net.minecraft.Util/]: Detected setBlock in a far chunk [250, -79], pos: BlockPos{x=4015, y=93, z=-1251}, status: minecraft:features, currently generating: ResourceKey[minecraft:worldgen/placed_feature / ancient_elements:end_spire_feature]
[11May2025 06:19:55.237] [Worker-Main-38/ERROR] [net.minecraft.Util/]: Detected setBlock in a far chunk [250, -79], pos: BlockPos{x=4015, y=93, z=-1250}, status: minecraft:features, currently generating: ResourceKey[minecraft:worldgen/placed_feature / ancient_elements:end_spire_feature]
[11May2025 06:19:55.237] [Worker-Main-38/ERROR] [net.minecraft.Util/]: Detected setBlock in a far chunk [250, -79], pos: BlockPos{x=4015, y=93, z=-1249}, status: minecraft:features, currently generating: ResourceKey[minecraft:worldgen/placed_feature / ancient_elements:end_spire_feature]
[11May2025 06:19:55.238] [Worker-Main-38/ERROR] [net.minecraft.Util/]: Detected setBlock in a far chunk [250, -78], pos: BlockPos{x=4015, y=93, z=-1248}, status: minecraft:features, currently generating: ResourceKey[minecraft:worldgen/placed_feature / ancient_elements:end_spire_feature]
[11May2025 06:19:55.238] [Worker-Main-38/ERROR] [net.minecraft.Util/]: Detected setBlock in a far chunk [250, -78], pos: BlockPos{x=4015, y=93, z=-1247}, status: minecraft:features, currently generating: ResourceKey[minecraft:worldgen/placed_feature / ancient_elements:end_spire_feature]
[11May2025 06:19:55.238] [Worker-Main-38/ERROR] [net.minecraft.Util/]: Detected setBlock in a far chunk [250, -78], pos: BlockPos{x=4015, y=93, z=-1246}, status: minecraft:features, currently generating: ResourceKey[minecraft:worldgen/placed_feature / ancient_elements:end_spire_feature]
[11May2025 06:19:55.238] [Worker-Main-38/ERROR] [net.minecraft.Util/]: Detected setBlock in a far chunk [250, -78], pos: BlockPos{x=4015, y=93, z=-1245}, status: minecraft:features, currently generating: ResourceKey[minecraft:worldgen/placed_feature / ancient_elements:end_spire_feature]
[11May2025 06:19:55.238] [Worker-Main-38/ERROR] [net.minecraft.Util/]: Detected setBlock in a far chunk [250, -78], pos: BlockPos{x=4015, y=93, z=-1244}, status: minecraft:features, currently generating: ResourceKey[minecraft:worldgen/placed_feature / ancient_elements:end_spire_feature]
[11May2025 06:19:55.238] [Worker-Main-38/ERROR] [net.minecraft.Util/]: Detected setBlock in a far chunk [250, -78], pos: BlockPos{x=4015, y=93, z=-1243}, status: minecraft:features, currently generating: ResourceKey[minecraft:worldgen/placed_feature / ancient_elements:end_spire_feature]
[11May2025 06:19:55.238] [Worker-Main-38/ERROR] [net.minecraft.Util/]: Detected setBlock in a far chunk [250, -78], pos: BlockPos{x=4015, y=93, z=-1242}, status: minecraft:features, currently generating: ResourceKey[minecraft:worldgen/placed_feature / ancient_elements:end_spire_feature]
[11May2025 06:19:55.239] [Worker-Main-38/ERROR] [net.minecraft.Util/]: Detected setBlock in a far chunk [250, -78], pos: BlockPos{x=4015, y=93, z=-1241}, status: minecraft:features, currently generating: ResourceKey[minecraft:worldgen/placed_feature / ancient_elements:end_spire_feature]
[11May2025 06:19:55.239] [Worker-Main-38/ERROR] [net.minecraft.Util/]: Detected setBlock in a far chunk [250, -78], pos: BlockPos{x=4015, y=93, z=-1240}, status: minecraft:features, currently generating: ResourceKey[minecraft:worldgen/placed_feature / ancient_elements:end_spire_feature]
[11May2025 06:19:55.239] [Worker-Main-38/ERROR] [net.minecraft.Util/]: Detected setBlock in a far chunk [250, -78], pos: BlockPos{x=4015, y=93, z=-1239}, status: minecraft:features, currently generating: ResourceKey[minecraft:worldgen/placed_feature / ancient_elements:end_spire_feature]
[11May2025 06:19:55.239] [Worker-Main-38/ERROR] [net.minecraft.Util/]: Detected setBlock in a far chunk [250, -78], pos: BlockPos{x=4015, y=93, z=-1238}, status: minecraft:features, currently generating: ResourceKey[minecraft:worldgen/placed_feature / ancient_elements:end_spire_feature]
[11May2025 06:19:55.239] [Worker-Main-38/ERROR] [net.minecraft.Util/]: Detected setBlock in a far chunk [250, -78], pos: BlockPos{x=4015, y=93, z=-1237}, status: minecraft:features, currently generating: ResourceKey[minecraft:worldgen/placed_feature / ancient_elements:end_spire_feature]
[11May2025 06:19:55.239] [Worker-Main-38/ERROR] [net.minecraft.Util/]: Detected setBlock in a far chunk [250, -78], pos: BlockPos{x=4015, y=93, z=-1236}, status: minecraft:features, currently generating: ResourceKey[minecraft:worldgen/placed_feature / ancient_elements:end_spire_feature]
[11May2025 06:19:55.240] [Worker-Main-38/ERROR] [net.minecraft.Util/]: Detected setBlock in a far chunk [250, -79], pos: BlockPos{x=4015, y=94, z=-1252}, status: minecraft:features, currently generating: ResourceKey[minecraft:worldgen/placed_feature / ancient_elements:end_spire_feature]
[11May2025 06:19:55.240] [Worker-Main-38/ERROR] [net.minecraft.Util/]: Detected setBlock in a far chunk [250, -79], pos: BlockPos{x=4015, y=94, z=-1251}, status: minecraft:features, currently generating: ResourceKey[minecraft:worldgen/placed_feature / ancient_elements:end_spire_feature]
[11May2025 06:19:55.240] [Worker-Main-38/ERROR] [net.minecraft.Util/]: Detected setBlock in a far chunk [250, -79], pos: BlockPos{x=4015, y=94, z=-1250}, status: minecraft:features, currently generating: ResourceKey[minecraft:worldgen/placed_feature / ancient_elements:end_spire_feature]
[11May2025 06:19:55.240] [Worker-Main-38/ERROR] [net.minecraft.Util/]: Detected setBlock in a far chunk [250, -79], pos: BlockPos{x=4015, y=94, z=-1249}, status: minecraft:features, currently generating: ResourceKey[minecraft:worldgen/placed_feature / ancient_elements:end_spire_feature]
[11May2025 06:19:55.240] [Worker-Main-38/ERROR] [net.minecraft.Util/]: Detected setBlock in a far chunk [250, -78], pos: BlockPos{x=4015, y=94, z=-1248}, status: minecraft:features, currently generating: ResourceKey[minecraft:worldgen/placed_feature / ancient_elements:end_spire_feature]
[11May2025 06:19:55.240] [Worker-Main-38/ERROR] [net.minecraft.Util/]: Detected setBlock in a far chunk [250, -78], pos: BlockPos{x=4015, y=94, z=-1247}, status: minecraft:features, currently generating: ResourceKey[minecraft:worldgen/placed_feature / ancient_elements:end_spire_feature]
[11May2025 06:19:55.241] [Worker-Main-38/ERROR] [net.minecraft.Util/]: Detected setBlock in a far chunk [250, -78], pos: BlockPos{x=4015, y=94, z=-1246}, status: minecraft:features, currently generating: ResourceKey[minecraft:worldgen/placed_feature / ancient_elements:end_spire_feature]
[11May2025 06:19:55.244] [Worker-Main-38/ERROR] [net.minecraft.Util/]: Detected setBlock in a far chunk [250, -78], pos: BlockPos{x=4015, y=94, z=-1245}, status: minecraft:features, currently generating: ResourceKey[minecraft:worldgen/placed_feature / ancient_elements:end_spire_feature]
[11May2025 06:19:55.244] [Worker-Main-38/ERROR] [net.minecraft.Util/]: Detected setBlock in a far chunk [250, -78], pos: BlockPos{x=4015, y=94, z=-1244}, status: minecraft:features, currently generating: ResourceKey[minecraft:worldgen/placed_feature / ancient_elements:end_spire_feature]
[11May2025 06:19:55.244] [Worker-Main-38/ERROR] [net.minecraft.Util/]: Detected setBlock in a far chunk [250, -78], pos: BlockPos{x=4015, y=94, z=-1243}, status: minecraft:features, currently generating: ResourceKey[minecraft:worldgen/placed_feature / ancient_elements:end_spire_feature]
[11May2025 06:19:55.244] [Worker-Main-38/ERROR] [net.minecraft.Util/]: Detected setBlock in a far chunk [250, -78], pos: BlockPos{x=4015, y=94, z=-1242}, status: minecraft:features, currently generating: ResourceKey[minecraft:worldgen/placed_feature / ancient_elements:end_spire_feature]
[11May2025 06:19:55.244] [Worker-Main-38/ERROR] [net.minecraft.Util/]: Detected setBlock in a far chunk [250, -78], pos: BlockPos{x=4015, y=94, z=-1241}, status: minecraft:features, currently generating: ResourceKey[minecraft:worldgen/placed_feature / ancient_elements:end_spire_feature]
[11May2025 06:19:55.244] [Worker-Main-38/ERROR] [net.minecraft.Util/]: Detected setBlock in a far chunk [250, -78], pos: BlockPos{x=4015, y=94, z=-1240}, status: minecraft:features, currently generating: ResourceKey[minecraft:worldgen/placed_feature / ancient_elements:end_spire_feature]
[11May2025 06:19:55.244] [Worker-Main-38/ERROR] [net.minecraft.Util/]: Detected setBlock in a far chunk [250, -78], pos: BlockPos{x=4015, y=94, z=-1239}, status: minecraft:features, currently generating: ResourceKey[minecraft:worldgen/placed_feature / ancient_elements:end_spire_feature]
[11May2025 06:19:55.245] [Worker-Main-38/ERROR] [net.minecraft.Util/]: Detected setBlock in a far chunk [250, -78], pos: BlockPos{x=4015, y=94, z=-1238}, status: minecraft:features, currently generating: ResourceKey[minecraft:worldgen/placed_feature / ancient_elements:end_spire_feature]
[11May2025 06:19:55.245] [Worker-Main-38/ERROR] [net.minecraft.Util/]: Detected setBlock in a far chunk [250, -78], pos: BlockPos{x=4015, y=94, z=-1237}, status: minecraft:features, currently generating: ResourceKey[minecraft:worldgen/placed_feature / ancient_elements:end_spire_feature]
[11May2025 06:19:55.245] [Worker-Main-38/ERROR] [net.minecraft.Util/]: Detected setBlock in a far chunk [250, -78], pos: BlockPos{x=4015, y=94, z=-1236}, status: minecraft:features, currently generating: ResourceKey[minecraft:worldgen/placed_feature / ancient_elements:end_spire_feature]
[11May2025 06:19:55.245] [Worker-Main-38/ERROR] [net.minecraft.Util/]: Detected setBlock in a far chunk [250, -79], pos: BlockPos{x=4015, y=95, z=-1252}, status: minecraft:features, currently generating: ResourceKey[minecraft:worldgen/placed_feature / ancient_elements:end_spire_feature]
[11May2025 06:19:55.245] [Worker-Main-38/ERROR] [net.minecraft.Util/]: Detected setBlock in a far chunk [250, -79], pos: BlockPos{x=4015, y=95, z=-1251}, status: minecraft:features, currently generating: ResourceKey[minecraft:worldgen/placed_feature / ancient_elements:end_spire_feature]
[11May2025 06:19:55.246] [Worker-Main-38/ERROR] [net.minecraft.Util/]: Detected setBlock in a far chunk [250, -79], pos: BlockPos{x=4015, y=95, z=-1250}, status: minecraft:features, currently generating: ResourceKey[minecraft:worldgen/placed_feature / ancient_elements:end_spire_feature]
[11May2025 06:19:55.246] [Worker-Main-38/ERROR] [net.minecraft.Util/]: Detected setBlock in a far chunk [250, -79], pos: BlockPos{x=4015, y=95, z=-1249}, status: minecraft:features, currently generating: ResourceKey[minecraft:worldgen/placed_feature / ancient_elements:end_spire_feature]
[11May2025 06:19:55.246] [Worker-Main-38/ERROR] [net.minecraft.Util/]: Detected setBlock in a far chunk [250, -78], pos: BlockPos{x=4015, y=95, z=-1248}, status: minecraft:features, currently generating: ResourceKey[minecraft:worldgen/placed_feature / ancient_elements:end_spire_feature]
[11May2025 06:19:55.246] [Worker-Main-38/ERROR] [net.minecraft.Util/]: Detected setBlock in a far chunk [250, -78], pos: BlockPos{x=4015, y=95, z=-1247}, status: minecraft:features, currently generating: ResourceKey[minecraft:worldgen/placed_feature / ancient_elements:end_spire_feature]
[11May2025 06:19:55.246] [Worker-Main-38/ERROR] [net.minecraft.Util/]: Detected setBlock in a far chunk [250, -78], pos: BlockPos{x=4015, y=95, z=-1246}, status: minecraft:features, currently generating: ResourceKey[minecraft:worldgen/placed_feature / ancient_elements:end_spire_feature]
[11May2025 06:19:55.246] [Worker-Main-38/ERROR] [net.minecraft.Util/]: Detected setBlock in a far chunk [250, -78], pos: BlockPos{x=4015, y=95, z=-1245}, status: minecraft:features, currently generating: ResourceKey[minecraft:worldgen/placed_feature / ancient_elements:end_spire_feature]
[11May2025 06:19:55.246] [Worker-Main-38/ERROR] [net.minecraft.Util/]: Detected setBlock in a far chunk [250, -78], pos: BlockPos{x=4015, y=95, z=-1244}, status: minecraft:features, currently generating: ResourceKey[minecraft:worldgen/placed_feature / ancient_elements:end_spire_feature]
[11May2025 06:19:55.247] [Worker-Main-38/ERROR] [net.minecraft.Util/]: Detected setBlock in a far chunk [250, -78], pos: BlockPos{x=4015, y=95, z=-1243}, status: minecraft:features, currently generating: ResourceKey[minecraft:worldgen/placed_feature / ancient_elements:end_spire_feature]
[11May2025 06:19:55.247] [Worker-Main-38/ERROR] [net.minecraft.Util/]: Detected setBlock in a far chunk [250, -78], pos: BlockPos{x=4015, y=95, z=-1242}, status: minecraft:features, currently generating: ResourceKey[minecraft:worldgen/placed_feature / ancient_elements:end_spire_feature]
[11May2025 06:19:55.247] [Worker-Main-38/ERROR] [net.minecraft.Util/]: Detected setBlock in a far chunk [250, -78], pos: BlockPos{x=4015, y=95, z=-1241}, status: minecraft:features, currently generating: ResourceKey[minecraft:worldgen/placed_feature / ancient_elements:end_spire_feature]
[11May2025 06:19:55.247] [Worker-Main-38/ERROR] [net.minecraft.Util/]: Detected setBlock in a far chunk [250, -78], pos: BlockPos{x=4015, y=95, z=-1240}, status: minecraft:features, currently generating: ResourceKey[minecraft:worldgen/placed_feature / ancient_elements:end_spire_feature]
[11May2025 06:19:55.247] [Worker-Main-38/ERROR] [net.minecraft.Util/]: Detected setBlock in a far chunk [250, -78], pos: BlockPos{x=4015, y=95, z=-1239}, status: minecraft:features, currently generating: ResourceKey[minecraft:worldgen/placed_feature / ancient_elements:end_spire_feature]
[11May2025 06:19:55.247] [Worker-Main-38/ERROR] [net.minecraft.Util/]: Detected setBlock in a far chunk [250, -78], pos: BlockPos{x=4015, y=95, z=-1238}, status: minecraft:features, currently generating: ResourceKey[minecraft:worldgen/placed_feature / ancient_elements:end_spire_feature]
[11May2025 06:19:55.247] [Worker-Main-38/ERROR] [net.minecraft.Util/]: Detected setBlock in a far chunk [250, -78], pos: BlockPos{x=4015, y=95, z=-1237}, status: minecraft:features, currently generating: ResourceKey[minecraft:worldgen/placed_feature / ancient_elements:end_spire_feature]
[11May2025 06:19:55.247] [Worker-Main-38/ERROR] [net.minecraft.Util/]: Detected setBlock in a far chunk [250, -78], pos: BlockPos{x=4015, y=95, z=-1236}, status: minecraft:features, currently generating: ResourceKey[minecraft:worldgen/placed_feature / ancient_elements:end_spire_feature]
[11May2025 06:19:55.248] [Worker-Main-38/ERROR] [net.minecraft.Util/]: Detected setBlock in a far chunk [250, -79], pos: BlockPos{x=4015, y=96, z=-1252}, status: minecraft:features, currently generating: ResourceKey[minecraft:worldgen/placed_feature / ancient_elements:end_spire_feature]
[11May2025 06:19:55.248] [Worker-Main-38/ERROR] [net.minecraft.Util/]: Detected setBlock in a far chunk [250, -79], pos: BlockPos{x=4015, y=96, z=-1251}, status: minecraft:features, currently generating: ResourceKey[minecraft:worldgen/placed_feature / ancient_elements:end_spire_feature]
[11May2025 06:19:55.248] [Worker-Main-38/ERROR] [net.minecraft.Util/]: Detected setBlock in a far chunk [250, -79], pos: BlockPos{x=4015, y=96, z=-1250}, status: minecraft:features, currently generating: ResourceKey[minecraft:worldgen/placed_feature / ancient_elements:end_spire_feature]
[11May2025 06:19:55.248] [Worker-Main-38/ERROR] [net.minecraft.Util/]: Detected setBlock in a far chunk [250, -79], pos: BlockPos{x=4015, y=96, z=-1249}, status: minecraft:features, currently generating: ResourceKey[minecraft:worldgen/placed_feature / ancient_elements:end_spire_feature]
[11May2025 06:19:55.248] [Worker-Main-38/ERROR] [net.minecraft.Util/]: Detected setBlock in a far chunk [250, -78], pos: BlockPos{x=4015, y=96, z=-1248}, status: minecraft:features, currently generating: ResourceKey[minecraft:worldgen/placed_feature / ancient_elements:end_spire_feature]
[11May2025 06:19:55.249] [Worker-Main-38/ERROR] [net.minecraft.Util/]: Detected setBlock in a far chunk [250, -78], pos: BlockPos{x=4015, y=96, z=-1247}, status: minecraft:features, currently generating: ResourceKey[minecraft:worldgen/placed_feature / ancient_elements:end_spire_feature]
[11May2025 06:19:55.249] [Worker-Main-38/ERROR] [net.minecraft.Util/]: Detected setBlock in a far chunk [250, -78], pos: BlockPos{x=4015, y=96, z=-1246}, status: minecraft:features, currently generating: ResourceKey[minecraft:worldgen/placed_feature / ancient_elements:end_spire_feature]
[11May2025 06:19:55.249] [Worker-Main-38/ERROR] [net.minecraft.Util/]: Detected setBlock in a far chunk [250, -78], pos: BlockPos{x=4015, y=96, z=-1245}, status: minecraft:features, currently generating: ResourceKey[minecraft:worldgen/placed_feature / ancient_elements:end_spire_feature]
[11May2025 06:19:55.249] [Worker-Main-38/ERROR] [net.minecraft.Util/]: Detected setBlock in a far chunk [250, -78], pos: BlockPos{x=4015, y=96, z=-1244}, status: minecraft:features, currently generating: ResourceKey[minecraft:worldgen/placed_feature / ancient_elements:end_spire_feature]
[11May2025 06:19:55.249] [Worker-Main-38/ERROR] [net.minecraft.Util/]: Detected setBlock in a far chunk [250, -78], pos: BlockPos{x=4015, y=96, z=-1243}, status: minecraft:features, currently generating: ResourceKey[minecraft:worldgen/placed_feature / ancient_elements:end_spire_feature]
[11May2025 06:19:55.249] [Worker-Main-38/ERROR] [net.minecraft.Util/]: Detected setBlock in a far chunk [250, -78], pos: BlockPos{x=4015, y=96, z=-1242}, status: minecraft:features, currently generating: ResourceKey[minecraft:worldgen/placed_feature / ancient_elements:end_spire_feature]
[11May2025 06:19:55.249] [Worker-Main-38/ERROR] [net.minecraft.Util/]: Detected setBlock in a far chunk [250, -78], pos: BlockPos{x=4015, y=96, z=-1241}, status: minecraft:features, currently generating: ResourceKey[minecraft:worldgen/placed_feature / ancient_elements:end_spire_feature]
[11May2025 06:19:55.249] [Worker-Main-38/ERROR] [net.minecraft.Util/]: Detected setBlock in a far chunk [250, -78], pos: BlockPos{x=4015, y=96, z=-1240}, status: minecraft:features, currently generating: ResourceKey[minecraft:worldgen/placed_feature / ancient_elements:end_spire_feature]
[11May2025 06:19:55.250] [Worker-Main-38/ERROR] [net.minecraft.Util/]: Detected setBlock in a far chunk [250, -78], pos: BlockPos{x=4015, y=96, z=-1239}, status: minecraft:features, currently generating: ResourceKey[minecraft:worldgen/placed_feature / ancient_elements:end_spire_feature]
[11May2025 06:19:55.250] [Worker-Main-38/ERROR] [net.minecraft.Util/]: Detected setBlock in a far chunk [250, -78], pos: BlockPos{x=4015, y=96, z=-1238}, status: minecraft:features, currently generating: ResourceKey[minecraft:worldgen/placed_feature / ancient_elements:end_spire_feature]
[11May2025 06:19:55.250] [Worker-Main-38/ERROR] [net.minecraft.Util/]: Detected setBlock in a far chunk [250, -78], pos: BlockPos{x=4015, y=96, z=-1237}, status: minecraft:features, currently generating: ResourceKey[minecraft:worldgen/placed_feature / ancient_elements:end_spire_feature]
[11May2025 06:19:55.250] [Worker-Main-38/ERROR] [net.minecraft.Util/]: Detected setBlock in a far chunk [250, -78], pos: BlockPos{x=4015, y=96, z=-1236}, status: minecraft:features, currently generating: ResourceKey[minecraft:worldgen/placed_feature / ancient_elements:end_spire_feature]
[11May2025 06:19:55.251] [Worker-Main-38/ERROR] [net.minecraft.Util/]: Detected setBlock in a far chunk [250, -79], pos: BlockPos{x=4015, y=97, z=-1252}, status: minecraft:features, currently generating: ResourceKey[minecraft:worldgen/placed_feature / ancient_elements:end_spire_feature]
[11May2025 06:19:55.251] [Worker-Main-38/ERROR] [net.minecraft.Util/]: Detected setBlock in a far chunk [250, -79], pos: BlockPos{x=4015, y=97, z=-1251}, status: minecraft:features, currently generating: ResourceKey[minecraft:worldgen/placed_feature / ancient_elements:end_spire_feature]
[11May2025 06:19:55.251] [Worker-Main-38/ERROR] [net.minecraft.Util/]: Detected setBlock in a far chunk [250, -79], pos: BlockPos{x=4015, y=97, z=-1250}, status: minecraft:features, currently generating: ResourceKey[minecraft:worldgen/placed_feature / ancient_elements:end_spire_feature]
[11May2025 06:19:55.251] [Worker-Main-38/ERROR] [net.minecraft.Util/]: Detected setBlock in a far chunk [250, -79], pos: BlockPos{x=4015, y=97, z=-1249}, status: minecraft:features, currently generating: ResourceKey[minecraft:worldgen/placed_feature / ancient_elements:end_spire_feature]
[11May2025 06:19:55.251] [Worker-Main-38/ERROR] [net.minecraft.Util/]: Detected setBlock in a far chunk [250, -78], pos: BlockPos{x=4015, y=97, z=-1248}, status: minecraft:features, currently generating: ResourceKey[minecraft:worldgen/placed_feature / ancient_elements:end_spire_feature]
[11May2025 06:19:55.251] [Worker-Main-38/ERROR] [net.minecraft.Util/]: Detected setBlock in a far chunk [250, -78], pos: BlockPos{x=4015, y=97, z=-1247}, status: minecraft:features, currently generating: ResourceKey[minecraft:worldgen/placed_feature / ancient_elements:end_spire_feature]
[11May2025 06:19:55.251] [Worker-Main-38/ERROR] [net.minecraft.Util/]: Detected setBlock in a far chunk [250, -78], pos: BlockPos{x=4015, y=97, z=-1246}, status: minecraft:features, currently generating: ResourceKey[minecraft:worldgen/placed_feature / ancient_elements:end_spire_feature]
[11May2025 06:19:55.251] [Worker-Main-38/ERROR] [net.minecraft.Util/]: Detected setBlock in a far chunk [250, -78], pos: BlockPos{x=4015, y=97, z=-1245}, status: minecraft:features, currently generating: ResourceKey[minecraft:worldgen/placed_feature / ancient_elements:end_spire_feature]
[11May2025 06:19:55.252] [Worker-Main-38/ERROR] [net.minecraft.Util/]: Detected setBlock in a far chunk [250, -78], pos: BlockPos{x=4015, y=97, z=-1244}, status: minecraft:features, currently generating: ResourceKey[minecraft:worldgen/placed_feature / ancient_elements:end_spire_feature]
[11May2025 06:19:55.252] [Worker-Main-38/ERROR] [net.minecraft.Util/]: Detected setBlock in a far chunk [250, -78], pos: BlockPos{x=4015, y=97, z=-1243}, status: minecraft:features, currently generating: ResourceKey[minecraft:worldgen/placed_feature / ancient_elements:end_spire_feature]
[11May2025 06:19:55.252] [Worker-Main-38/ERROR] [net.minecraft.Util/]: Detected setBlock in a far chunk [250, -78], pos: BlockPos{x=4015, y=97, z=-1242}, status: minecraft:features, currently generating: ResourceKey[minecraft:worldgen/placed_feature / ancient_elements:end_spire_feature]
[11May2025 06:19:55.252] [Worker-Main-38/ERROR] [net.minecraft.Util/]: Detected setBlock in a far chunk [250, -78], pos: BlockPos{x=4015, y=97, z=-1241}, status: minecraft:features, currently generating: ResourceKey[minecraft:worldgen/placed_feature / ancient_elements:end_spire_feature]
[11May2025 06:19:55.252] [Worker-Main-38/ERROR] [net.minecraft.Util/]: Detected setBlock in a far chunk [250, -78], pos: BlockPos{x=4015, y=97, z=-1240}, status: minecraft:features, currently generating: ResourceKey[minecraft:worldgen/placed_feature / ancient_elements:end_spire_feature]
[11May2025 06:19:55.252] [Worker-Main-38/ERROR] [net.minecraft.Util/]: Detected setBlock in a far chunk [250, -78], pos: BlockPos{x=4015, y=97, z=-1239}, status: minecraft:features, currently generating: ResourceKey[minecraft:worldgen/placed_feature / ancient_elements:end_spire_feature]
[11May2025 06:19:55.252] [Worker-Main-38/ERROR] [net.minecraft.Util/]: Detected setBlock in a far chunk [250, -78], pos: BlockPos{x=4015, y=97, z=-1238}, status: minecraft:features, currently generating: ResourceKey[minecraft:worldgen/placed_feature / ancient_elements:end_spire_feature]
[11May2025 06:19:55.252] [Worker-Main-38/ERROR] [net.minecraft.Util/]: Detected setBlock in a far chunk [250, -78], pos: BlockPos{x=4015, y=97, z=-1237}, status: minecraft:features, currently generating: ResourceKey[minecraft:worldgen/placed_feature / ancient_elements:end_spire_feature]
[11May2025 06:19:55.252] [Worker-Main-38/ERROR] [net.minecraft.Util/]: Detected setBlock in a far chunk [250, -78], pos: BlockPos{x=4015, y=97, z=-1236}, status: minecraft:features, currently generating: ResourceKey[minecraft:worldgen/placed_feature / ancient_elements:end_spire_feature]
[11May2025 06:19:55.253] [Worker-Main-38/ERROR] [net.minecraft.Util/]: Detected setBlock in a far chunk [250, -79], pos: BlockPos{x=4015, y=98, z=-1252}, status: minecraft:features, currently generating: ResourceKey[minecraft:worldgen/placed_feature / ancient_elements:end_spire_feature]
[11May2025 06:19:55.253] [Worker-Main-38/ERROR] [net.minecraft.Util/]: Detected setBlock in a far chunk [250, -79], pos: BlockPos{x=4015, y=98, z=-1251}, status: minecraft:features, currently generating: ResourceKey[minecraft:worldgen/placed_feature / ancient_elements:end_spire_feature]
[11May2025 06:19:55.253] [Worker-Main-38/ERROR] [net.minecraft.Util/]: Detected setBlock in a far chunk [250, -79], pos: BlockPos{x=4015, y=98, z=-1250}, status: minecraft:features, currently generating: ResourceKey[minecraft:worldgen/placed_feature / ancient_elements:end_spire_feature]
[11May2025 06:19:55.253] [Worker-Main-38/ERROR] [net.minecraft.Util/]: Detected setBlock in a far chunk [250, -79], pos: BlockPos{x=4015, y=98, z=-1249}, status: minecraft:features, currently generating: ResourceKey[minecraft:worldgen/placed_feature / ancient_elements:end_spire_feature]
[11May2025 06:19:55.253] [Worker-Main-38/ERROR] [net.minecraft.Util/]: Detected setBlock in a far chunk [250, -78], pos: BlockPos{x=4015, y=98, z=-1248}, status: minecraft:features, currently generating: ResourceKey[minecraft:worldgen/placed_feature / ancient_elements:end_spire_feature]
[11May2025 06:19:55.253] [Worker-Main-38/ERROR] [net.minecraft.Util/]: Detected setBlock in a far chunk [250, -78], pos: BlockPos{x=4015, y=98, z=-1247}, status: minecraft:features, currently generating: ResourceKey[minecraft:worldgen/placed_feature / ancient_elements:end_spire_feature]
[11May2025 06:19:55.253] [Worker-Main-38/ERROR] [net.minecraft.Util/]: Detected setBlock in a far chunk [250, -78], pos: BlockPos{x=4015, y=98, z=-1246}, status: minecraft:features, currently generating: ResourceKey[minecraft:worldgen/placed_feature / ancient_elements:end_spire_feature]
[11May2025 06:19:55.253] [Worker-Main-38/ERROR] [net.minecraft.Util/]: Detected setBlock in a far chunk [250, -78], pos: BlockPos{x=4015, y=98, z=-1245}, status: minecraft:features, currently generating: ResourceKey[minecraft:worldgen/placed_feature / ancient_elements:end_spire_feature]
[11May2025 06:19:55.253] [Worker-Main-38/ERROR] [net.minecraft.Util/]: Detected setBlock in a far chunk [250, -78], pos: BlockPos{x=4015, y=98, z=-1244}, status: minecraft:features, currently generating: ResourceKey[minecraft:worldgen/placed_feature / ancient_elements:end_spire_feature]
[11May2025 06:19:55.253] [Worker-Main-38/ERROR] [net.minecraft.Util/]: Detected setBlock in a far chunk [250, -78], pos: BlockPos{x=4015, y=98, z=-1243}, status: minecraft:features, currently generating: ResourceKey[minecraft:worldgen/placed_feature / ancient_elements:end_spire_feature]
[11May2025 06:19:55.254] [Worker-Main-38/ERROR] [net.minecraft.Util/]: Detected setBlock in a far chunk [250, -78], pos: BlockPos{x=4015, y=98, z=-1242}, status: minecraft:features, currently generating: ResourceKey[minecraft:worldgen/placed_feature / ancient_elements:end_spire_feature]
[11May2025 06:19:55.254] [Worker-Main-38/ERROR] [net.minecraft.Util/]: Detected setBlock in a far chunk [250, -78], pos: BlockPos{x=4015, y=98, z=-1241}, status: minecraft:features, currently generating: ResourceKey[minecraft:worldgen/placed_feature / ancient_elements:end_spire_feature]
[11May2025 06:19:55.254] [Worker-Main-38/ERROR] [net.minecraft.Util/]: Detected setBlock in a far chunk [250, -78], pos: BlockPos{x=4015, y=98, z=-1240}, status: minecraft:features, currently generating: ResourceKey[minecraft:worldgen/placed_feature / ancient_elements:end_spire_feature]
[11May2025 06:19:55.254] [Worker-Main-38/ERROR] [net.minecraft.Util/]: Detected setBlock in a far chunk [250, -78], pos: BlockPos{x=4015, y=98, z=-1239}, status: minecraft:features, currently generating: ResourceKey[minecraft:worldgen/placed_feature / ancient_elements:end_spire_feature]
[11May2025 06:19:55.254] [Worker-Main-38/ERROR] [net.minecraft.Util/]: Detected setBlock in a far chunk [250, -78], pos: BlockPos{x=4015, y=98, z=-1238}, status: minecraft:features, currently generating: ResourceKey[minecraft:worldgen/placed_feature / ancient_elements:end_spire_feature]
[11May2025 06:19:55.254] [Worker-Main-38/ERROR] [net.minecraft.Util/]: Detected setBlock in a far chunk [250, -78], pos: BlockPos{x=4015, y=98, z=-1237}, status: minecraft:features, currently generating: ResourceKey[minecraft:worldgen/placed_feature / ancient_elements:end_spire_feature]
[11May2025 06:19:55.254] [Worker-Main-38/ERROR] [net.minecraft.Util/]: Detected setBlock in a far chunk [250, -78], pos: BlockPos{x=4015, y=98, z=-1236}, status: minecraft:features, currently generating: ResourceKey[minecraft:worldgen/placed_feature / ancient_elements:end_spire_feature]
[11May2025 06:19:55.254] [Worker-Main-38/ERROR] [net.minecraft.Util/]: Detected setBlock in a far chunk [250, -79], pos: BlockPos{x=4015, y=99, z=-1252}, status: minecraft:features, currently generating: ResourceKey[minecraft:worldgen/placed_feature / ancient_elements:end_spire_feature]
[11May2025 06:19:55.254] [Worker-Main-38/ERROR] [net.minecraft.Util/]: Detected setBlock in a far chunk [250, -79], pos: BlockPos{x=4015, y=99, z=-1251}, status: minecraft:features, currently generating: ResourceKey[minecraft:worldgen/placed_feature / ancient_elements:end_spire_feature]
[11May2025 06:19:55.255] [Worker-Main-38/ERROR] [net.minecraft.Util/]: Detected setBlock in a far chunk [250, -79], pos: BlockPos{x=4015, y=99, z=-1250}, status: minecraft:features, currently generating: ResourceKey[minecraft:worldgen/placed_feature / ancient_elements:end_spire_feature]
[11May2025 06:19:55.255] [Worker-Main-38/ERROR] [net.minecraft.Util/]: Detected setBlock in a far chunk [250, -79], pos: BlockPos{x=4015, y=99, z=-1249}, status: minecraft:features, currently generating: ResourceKey[minecraft:worldgen/placed_feature / ancient_elements:end_spire_feature]
[11May2025 06:19:55.255] [Worker-Main-38/ERROR] [net.minecraft.Util/]: Detected setBlock in a far chunk [250, -78], pos: BlockPos{x=4015, y=99, z=-1248}, status: minecraft:features, currently generating: ResourceKey[minecraft:worldgen/placed_feature / ancient_elements:end_spire_feature]
[11May2025 06:19:55.255] [Worker-Main-38/ERROR] [net.minecraft.Util/]: Detected setBlock in a far chunk [250, -78], pos: BlockPos{x=4015, y=99, z=-1247}, status: minecraft:features, currently generating: ResourceKey[minecraft:worldgen/placed_feature / ancient_elements:end_spire_feature]
[11May2025 06:19:55.255] [Worker-Main-38/ERROR] [net.minecraft.Util/]: Detected setBlock in a far chunk [250, -78], pos: BlockPos{x=4015, y=99, z=-1246}, status: minecraft:features, currently generating: ResourceKey[minecraft:worldgen/placed_feature / ancient_elements:end_spire_feature]
[11May2025 06:19:55.255] [Worker-Main-38/ERROR] [net.minecraft.Util/]: Detected setBlock in a far chunk [250, -78], pos: BlockPos{x=4015, y=99, z=-1245}, status: minecraft:features, currently generating: ResourceKey[minecraft:worldgen/placed_feature / ancient_elements:end_spire_feature]
[11May2025 06:19:55.255] [Worker-Main-38/ERROR] [net.minecraft.Util/]: Detected setBlock in a far chunk [250, -78], pos: BlockPos{x=4015, y=99, z=-1244}, status: minecraft:features, currently generating: ResourceKey[minecraft:worldgen/placed_feature / ancient_elements:end_spire_feature]
[11May2025 06:19:55.255] [Worker-Main-38/ERROR] [net.minecraft.Util/]: Detected setBlock in a far chunk [250, -78], pos: BlockPos{x=4015, y=99, z=-1243}, status: minecraft:features, currently generating: ResourceKey[minecraft:worldgen/placed_feature / ancient_elements:end_spire_feature]
[11May2025 06:19:55.255] [Worker-Main-38/ERROR] [net.minecraft.Util/]: Detected setBlock in a far chunk [250, -78], pos: BlockPos{x=4015, y=99, z=-1242}, status: minecraft:features, currently generating: ResourceKey[minecraft:worldgen/placed_feature / ancient_elements:end_spire_feature]
[11May2025 06:19:55.256] [Worker-Main-38/ERROR] [net.minecraft.Util/]: Detected setBlock in a far chunk [250, -78], pos: BlockPos{x=4015, y=99, z=-1241}, status: minecraft:features, currently generating: ResourceKey[minecraft:worldgen/placed_feature / ancient_elements:end_spire_feature]
[11May2025 06:19:55.256] [Worker-Main-38/ERROR] [net.minecraft.Util/]: Detected setBlock in a far chunk [250, -78], pos: BlockPos{x=4015, y=99, z=-1240}, status: minecraft:features, currently generating: ResourceKey[minecraft:worldgen/placed_feature / ancient_elements:end_spire_feature]
[11May2025 06:19:55.256] [Worker-Main-38/ERROR] [net.minecraft.Util/]: Detected setBlock in a far chunk [250, -78], pos: BlockPos{x=4015, y=99, z=-1239}, status: minecraft:features, currently generating: ResourceKey[minecraft:worldgen/placed_feature / ancient_elements:end_spire_feature]
[11May2025 06:19:55.256] [Worker-Main-38/ERROR] [net.minecraft.Util/]: Detected setBlock in a far chunk [250, -78], pos: BlockPos{x=4015, y=99, z=-1238}, status: minecraft:features, currently generating: ResourceKey[minecraft:worldgen/placed_feature / ancient_elements:end_spire_feature]
[11May2025 06:19:55.256] [Worker-Main-38/ERROR] [net.minecraft.Util/]: Detected setBlock in a far chunk [250, -78], pos: BlockPos{x=4015, y=99, z=-1237}, status: minecraft:features, currently generating: ResourceKey[minecraft:worldgen/placed_feature / ancient_elements:end_spire_feature]
[11May2025 06:19:55.256] [Worker-Main-38/ERROR] [net.minecraft.Util/]: Detected setBlock in a far chunk [250, -78], pos: BlockPos{x=4015, y=99, z=-1236}, status: minecraft:features, currently generating: ResourceKey[minecraft:worldgen/placed_feature / ancient_elements:end_spire_feature]
[11May2025 06:19:55.257] [Worker-Main-38/ERROR] [net.minecraft.Util/]: Detected setBlock in a far chunk [250, -79], pos: BlockPos{x=4015, y=100, z=-1252}, status: minecraft:features, currently generating: ResourceKey[minecraft:worldgen/placed_feature / ancient_elements:end_spire_feature]
[11May2025 06:19:55.257] [Worker-Main-38/ERROR] [net.minecraft.Util/]: Detected setBlock in a far chunk [250, -79], pos: BlockPos{x=4015, y=100, z=-1251}, status: minecraft:features, currently generating: ResourceKey[minecraft:worldgen/placed_feature / ancient_elements:end_spire_feature]
[11May2025 06:19:55.257] [Worker-Main-38/ERROR] [net.minecraft.Util/]: Detected setBlock in a far chunk [250, -79], pos: BlockPos{x=4015, y=100, z=-1250}, status: minecraft:features, currently generating: ResourceKey[minecraft:worldgen/placed_feature / ancient_elements:end_spire_feature]
[11May2025 06:19:55.257] [Worker-Main-38/ERROR] [net.minecraft.Util/]: Detected setBlock in a far chunk [250, -79], pos: BlockPos{x=4015, y=100, z=-1249}, status: minecraft:features, currently generating: ResourceKey[minecraft:worldgen/placed_feature / ancient_elements:end_spire_feature]
[11May2025 06:19:55.257] [Worker-Main-38/ERROR] [net.minecraft.Util/]: Detected setBlock in a far chunk [250, -78], pos: BlockPos{x=4015, y=100, z=-1248}, status: minecraft:features, currently generating: ResourceKey[minecraft:worldgen/placed_feature / ancient_elements:end_spire_feature]
[11May2025 06:19:55.257] [Worker-Main-38/ERROR] [net.minecraft.Util/]: Detected setBlock in a far chunk [250, -78], pos: BlockPos{x=4015, y=100, z=-1247}, status: minecraft:features, currently generating: ResourceKey[minecraft:worldgen/placed_feature / ancient_elements:end_spire_feature]
[11May2025 06:19:55.257] [Worker-Main-38/ERROR] [net.minecraft.Util/]: Detected setBlock in a far chunk [250, -78], pos: BlockPos{x=4015, y=100, z=-1246}, status: minecraft:features, currently generating: ResourceKey[minecraft:worldgen/placed_feature / ancient_elements:end_spire_feature]
[11May2025 06:19:55.257] [Worker-Main-38/ERROR] [net.minecraft.Util/]: Detected setBlock in a far chunk [250, -78], pos: BlockPos{x=4015, y=100, z=-1245}, status: minecraft:features, currently generating: ResourceKey[minecraft:worldgen/placed_feature / ancient_elements:end_spire_feature]
[11May2025 06:19:55.257] [Worker-Main-38/ERROR] [net.minecraft.Util/]: Detected setBlock in a far chunk [250, -78], pos: BlockPos{x=4015, y=100, z=-1244}, status: minecraft:features, currently generating: ResourceKey[minecraft:worldgen/placed_feature / ancient_elements:end_spire_feature]
[11May2025 06:19:55.257] [Worker-Main-38/ERROR] [net.minecraft.Util/]: Detected setBlock in a far chunk [250, -78], pos: BlockPos{x=4015, y=100, z=-1243}, status: minecraft:features, currently generating: ResourceKey[minecraft:worldgen/placed_feature / ancient_elements:end_spire_feature]
[11May2025 06:19:55.257] [Worker-Main-38/ERROR] [net.minecraft.Util/]: Detected setBlock in a far chunk [250, -78], pos: BlockPos{x=4015, y=100, z=-1242}, status: minecraft:features, currently generating: ResourceKey[minecraft:worldgen/placed_feature / ancient_elements:end_spire_feature]
[11May2025 06:19:55.258] [Worker-Main-38/ERROR] [net.minecraft.Util/]: Detected setBlock in a far chunk [250, -78], pos: BlockPos{x=4015, y=100, z=-1241}, status: minecraft:features, currently generating: ResourceKey[minecraft:worldgen/placed_feature / ancient_elements:end_spire_feature]
[11May2025 06:19:55.258] [Worker-Main-38/ERROR] [net.minecraft.Util/]: Detected setBlock in a far chunk [250, -78], pos: BlockPos{x=4015, y=100, z=-1240}, status: minecraft:features, currently generating: ResourceKey[minecraft:worldgen/placed_feature / ancient_elements:end_spire_feature]
[11May2025 06:19:55.258] [Worker-Main-38/ERROR] [net.minecraft.Util/]: Detected setBlock in a far chunk [250, -78], pos: BlockPos{x=4015, y=100, z=-1239}, status: minecraft:features, currently generating: ResourceKey[minecraft:worldgen/placed_feature / ancient_elements:end_spire_feature]
[11May2025 06:19:55.258] [Worker-Main-38/ERROR] [net.minecraft.Util/]: Detected setBlock in a far chunk [250, -78], pos: BlockPos{x=4015, y=100, z=-1238}, status: minecraft:features, currently generating: ResourceKey[minecraft:worldgen/placed_feature / ancient_elements:end_spire_feature]
[11May2025 06:19:55.258] [Worker-Main-38/ERROR] [net.minecraft.Util/]: Detected setBlock in a far chunk [250, -78], pos: BlockPos{x=4015, y=100, z=-1237}, status: minecraft:features, currently generating: ResourceKey[minecraft:worldgen/placed_feature / ancient_elements:end_spire_feature]
[11May2025 06:19:55.258] [Worker-Main-38/ERROR] [net.minecraft.Util/]: Detected setBlock in a far chunk [250, -78], pos: BlockPos{x=4015, y=100, z=-1236}, status: minecraft:features, currently generating: ResourceKey[minecraft:worldgen/placed_feature / ancient_elements:end_spire_feature]
[11May2025 06:19:55.259] [Worker-Main-38/ERROR] [net.minecraft.Util/]: Detected setBlock in a far chunk [250, -79], pos: BlockPos{x=4015, y=101, z=-1252}, status: minecraft:features, currently generating: ResourceKey[minecraft:worldgen/placed_feature / ancient_elements:end_spire_feature]
[11May2025 06:19:55.259] [Worker-Main-38/ERROR] [net.minecraft.Util/]: Detected setBlock in a far chunk [250, -79], pos: BlockPos{x=4015, y=101, z=-1251}, status: minecraft:features, currently generating: ResourceKey[minecraft:worldgen/placed_feature / ancient_elements:end_spire_feature]
[11May2025 06:19:55.259] [Worker-Main-38/ERROR] [net.minecraft.Util/]: Detected setBlock in a far chunk [250, -79], pos: BlockPos{x=4015, y=101, z=-1250}, status: minecraft:features, currently generating: ResourceKey[minecraft:worldgen/placed_feature / ancient_elements:end_spire_feature]
[11May2025 06:19:55.259] [Worker-Main-38/ERROR] [net.minecraft.Util/]: Detected setBlock in a far chunk [250, -79], pos: BlockPos{x=4015, y=101, z=-1249}, status: minecraft:features, currently generating: ResourceKey[minecraft:worldgen/placed_feature / ancient_elements:end_spire_feature]
[11May2025 06:19:55.259] [Worker-Main-38/ERROR] [net.minecraft.Util/]: Detected setBlock in a far chunk [250, -78], pos: BlockPos{x=4015, y=101, z=-1248}, status: minecraft:features, currently generating: ResourceKey[minecraft:worldgen/placed_feature / ancient_elements:end_spire_feature]
[11May2025 06:19:55.259] [Worker-Main-38/ERROR] [net.minecraft.Util/]: Detected setBlock in a far chunk [250, -78], pos: BlockPos{x=4015, y=101, z=-1247}, status: minecraft:features, currently generating: ResourceKey[minecraft:worldgen/placed_feature / ancient_elements:end_spire_feature]
[11May2025 06:19:55.259] [Worker-Main-38/ERROR] [net.minecraft.Util/]: Detected setBlock in a far chunk [250, -78], pos: BlockPos{x=4015, y=101, z=-1246}, status: minecraft:features, currently generating: ResourceKey[minecraft:worldgen/placed_feature / ancient_elements:end_spire_feature]
[11May2025 06:19:55.259] [Worker-Main-38/ERROR] [net.minecraft.Util/]: Detected setBlock in a far chunk [250, -78], pos: BlockPos{x=4015, y=101, z=-1245}, status: minecraft:features, currently generating: ResourceKey[minecraft:worldgen/placed_feature / ancient_elements:end_spire_feature]
[11May2025 06:19:55.259] [Worker-Main-38/ERROR] [net.minecraft.Util/]: Detected setBlock in a far chunk [250, -78], pos: BlockPos{x=4015, y=101, z=-1244}, status: minecraft:features, currently generating: ResourceKey[minecraft:worldgen/placed_feature / ancient_elements:end_spire_feature]
[11May2025 06:19:55.259] [Worker-Main-38/ERROR] [net.minecraft.Util/]: Detected setBlock in a far chunk [250, -78], pos: BlockPos{x=4015, y=101, z=-1243}, status: minecraft:features, currently generating: ResourceKey[minecraft:worldgen/placed_feature / ancient_elements:end_spire_feature]
[11May2025 06:19:55.259] [Worker-Main-38/ERROR] [net.minecraft.Util/]: Detected setBlock in a far chunk [250, -78], pos: BlockPos{x=4015, y=101, z=-1242}, status: minecraft:features, currently generating: ResourceKey[minecraft:worldgen/placed_feature / ancient_elements:end_spire_feature]
[11May2025 06:19:55.259] [Worker-Main-38/ERROR] [net.minecraft.Util/]: Detected setBlock in a far chunk [250, -78], pos: BlockPos{x=4015, y=101, z=-1241}, status: minecraft:features, currently generating: ResourceKey[minecraft:worldgen/placed_feature / ancient_elements:end_spire_feature]
[11May2025 06:19:55.260] [Worker-Main-38/ERROR] [net.minecraft.Util/]: Detected setBlock in a far chunk [250, -78], pos: BlockPos{x=4015, y=101, z=-1240}, status: minecraft:features, currently generating: ResourceKey[minecraft:worldgen/placed_feature / ancient_elements:end_spire_feature]
[11May2025 06:19:55.260] [Worker-Main-38/ERROR] [net.minecraft.Util/]: Detected setBlock in a far chunk [250, -78], pos: BlockPos{x=4015, y=101, z=-1239}, status: minecraft:features, currently generating: ResourceKey[minecraft:worldgen/placed_feature / ancient_elements:end_spire_feature]
[11May2025 06:19:55.260] [Worker-Main-38/ERROR] [net.minecraft.Util/]: Detected setBlock in a far chunk [250, -78], pos: BlockPos{x=4015, y=101, z=-1238}, status: minecraft:features, currently generating: ResourceKey[minecraft:worldgen/placed_feature / ancient_elements:end_spire_feature]
[11May2025 06:19:55.260] [Worker-Main-38/ERROR] [net.minecraft.Util/]: Detected setBlock in a far chunk [250, -78], pos: BlockPos{x=4015, y=101, z=-1237}, status: minecraft:features, currently generating: ResourceKey[minecraft:worldgen/placed_feature / ancient_elements:end_spire_feature]
[11May2025 06:19:55.260] [Worker-Main-38/ERROR] [net.minecraft.Util/]: Detected setBlock in a far chunk [250, -78], pos: BlockPos{x=4015, y=101, z=-1236}, status: minecraft:features, currently generating: ResourceKey[minecraft:worldgen/placed_feature / ancient_elements:end_spire_feature]
